"draw_no","draw_date","num1","num2","num3","num4","num5","num6","bonus","first_winner_count","first_prize_amount","first_total_amount","second_winner_count","second_prize_amount","third_winner_count","third_prize_amount","total_sales_amount"
"1","2002-12-07","10","23","29","33","37","40","16","0","0","863604600","1","143934100","28","5140500","3681782000"
"2","2002-12-14","9","13","21","25","32","42","2","1","2002006800","0","2","94866800","103","1842000","4904274000"
"3","2002-12-21","11","16","19","21","27","31","30","1","2000000000","0","0","0","139","1174100","4729342000"
"4","2002-12-28","14","27","30","31","40","42","2","0","0","1267147200","1","211191200","29","7282400","5271464000"
"5","2003-01-04","16","24","29","40","41","42","3","0","0","3041094900","0","0","42","6033800","6277102000"
"6","2003-01-11","14","15","26","27","40","42","34","1","6574451700","0","3","196297600","138","4267300","15305356000"
"7","2003-01-18","2","9","16","25","26","40","42","0","0","2600913000","9","48165000","270","1605500","12794890000"
"8","2003-01-25","8","19","25","34","37","39","9","0","0","7336896000","6","131555000","348","2268100","20751450000"
"9","2003-02-01","2","4","16","17","36","39","14","0","0","25803852000","4","769456500","352","8743800","73624020000"
"10","2003-02-08","9","25","30","33","41","44","6","13","6430437900","0","236","40813400","11247","856400","260856392000"
"11","2003-02-15","1","7","36","37","41","42","14","5","4780152300","0","11","362132700","428","9307100","91925306000"
"12","2003-02-22","2","11","21","25","39","45","44","12","1348845700","0","27","99914400","1903","1417500","76255508000"
"13","2003-03-01","22","23","25","37","38","42","26","0","0","15599134800","6","433309300","450","5777400","66532136000"
"14","2003-03-08","2","6","12","31","33","40","15","4","9375048300","0","28","130363400","1421","2568700","99838648000"
"15","2003-03-15","3","4","16","30","31","37","13","1","17014245000","0","16","177231700","509","5571100","73264910000"
"16","2003-03-22","6","7","24","37","38","40","33","4","4377146100","0","12","243174700","862","3385200","75777348000"
"17","2003-03-29","3","4","9","17","32","37","1","3","5349491200","0","9","297193900","1142","2342100","72718152000"
"18","2003-04-05","3","12","13","19","32","35","29","0","0","15751560000","15","175017300","664","3953700","66371660000"
"19","2003-04-12","6","30","38","39","40","43","26","1","40722959400","0","14","297278500","697","5971100","105957818000"
"20","2003-04-19","10","14","18","20","23","30","41","1","19352212800","0","14","230383400","888","3632100","81056776000"
"21","2003-04-26","6","12","17","18","31","32","21","23","797475400","0","26","117576500","2008","1522400","84247142000"
"22","2003-05-03","4","5","6","8","17","39","25","4","4552194900","0","32","94837300","827","3669600","79455152000"
"23","2003-05-10","5","13","17","18","33","42","44","4","4317947700","0","23","125157900","1372","2098100","77374256000"
"24","2003-05-17","7","8","27","29","36","43","6","0","0","19010560200","18","176023700","925","3425300","78486634000"
"25","2003-05-24","2","4","21","26","43","44","16","2","24227745300","0","28","175267400","1111","4417100","120073768000"
"26","2003-05-31","4","5","7","18","20","25","31","5","3495069900","0","39","74680900","1340","2173500","80193026000"
"27","2003-06-07","1","20","26","28","37","43","27","2","9543982500","0","16","198832900","579","5494500","76145050000"
"28","2003-06-14","9","18","23","25","35","37","1","10","1700361100","0","22","128815200","1164","2434600","75448366000"
"29","2003-06-21","1","5","13","34","39","40","11","5","3552594000","0","17","174146700","752","3936800","74523120000"
"30","2003-06-28","8","17","20","35","36","44","4","2","8728555500","0","22","132250800","872","3336600","72399690000"
"31","2003-07-05","7","9","18","23","28","35","32","2","8106672900","0","29","93180100","1130","2391300","71317306000"
"32","2003-07-12","6","14","19","25","34","44","11","10","1634528300","0","49","55596200","1203","2264500","71179198000"
"33","2003-07-19","4","7","32","33","40","41","9","1","14903517600","0","41","60583400","1063","2336700","67457252000"
"34","2003-07-26","9","26","35","37","40","42","2","5","3056918000","0","45","56609500","1264","2015300","69389894000"
"35","2003-08-02","2","3","11","26","37","43","39","3","5054598200","0","24","105304100","933","2708700","66143062000"
"36","2003-08-09","1","10","23","26","28","40","31","1","16014475800","0","19","140477800","768","3475300","66856686000"
"37","2003-08-16","7","27","30","33","35","37","42","3","4985999400","0","20","124649900","857","2908900","65509794000"
"38","2003-08-23","16","17","22","30","37","43","36","3","5374866400","0","18","149301800","679","3957900","67369284000"
"39","2003-08-30","6","7","13","15","21","43","8","6","2623748800","0","25","104949900","699","3753500","66094476000"
"40","2003-09-06","7","13","18","19","25","26","6","13","1147652400","0","44","56513100","1055","2356900","65699086000"
"41","2003-09-13","13","20","23","35","38","43","34","0","0","13784904600","21","109404000","700","3282100","57624562000"
"42","2003-09-20","17","18","19","21","23","32","1","6","6899280100","0","35","131479800","1405","3275200","119909740000"
"43","2003-09-27","6","31","35","38","39","44","1","1","17749630800","0","21","140870000","926","3194600","74686296000"
"44","2003-10-04","3","11","21","30","38","45","39","5","3362155800","0","23","121817200","785","3569100","69956950000"
"45","2003-10-11","1","10","20","27","33","35","17","2","8356417800","0","27","103165600","890","3129700","71216232000"
"46","2003-10-18","8","13","15","23","31","38","39","3","5327758800","0","39","68304600","1043","2554000","68181568000"
"47","2003-10-25","14","17","26","31","36","45","27","5","3250042400","0","11","246215300","902","3002600","67756694000"
"48","2003-11-01","6","10","18","26","37","38","3","6","2415673600","0","25","96626900","1279","1888700","65806832000"
"49","2003-11-08","4","7","16","19","33","40","30","7","1967504600","0","49","46845300","1487","1543600","64501142000"
"50","2003-11-15","2","10","12","15","22","44","1","3","5227061400","0","14","186680700","826","3164000","65563234000"
"51","2003-11-22","2","3","11","16","26","44","35","6","2421117000","0","26","93119800","961","2519300","62553680000"
"52","2003-11-29","2","4","15","16","20","29","1","4","3900844900","0","13","200043300","669","3887200","64393446000"
"53","2003-12-06","7","8","14","32","33","39","42","3","5014371000","0","25","100287400","802","3126100","64996010000"
"54","2003-12-13","1","8","21","27","36","39","37","3","5148626600","0","15","171620800","719","3580400","63833006000"
"55","2003-12-20","17","21","31","37","40","44","7","2","7088799600","0","24","98455500","728","3245700","62195764000"
"56","2003-12-27","10","14","30","31","33","37","19","4","3777570900","0","29","86840700","1359","1853100","65258932000"
"57","2004-01-03","7","10","16","25","29","44","6","4","4114411900","0","25","109717600","960","2857200","70132666000"
"58","2004-01-10","10","24","25","33","40","44","1","4","3676429200","0","39","62844900","1318","1859600","66638136000"
"59","2004-01-17","6","29","36","39","41","45","13","4","4127587300","0","23","119640200","651","4226900","67563698000"
"60","2004-01-24","2","8","25","36","39","42","11","7","2172504600","0","27","93873600","1088","2329500","65405936000"
"61","2004-01-31","14","15","19","30","38","43","8","5","3541038800","0","11","268260500","789","3740000","73312994000"
"62","2004-02-07","3","8","15","27","29","35","21","1","15817286400","0","22","119827900","829","3179900","66740368000"
"63","2004-02-14","3","20","23","36","38","40","5","2","7922245500","0","26","101567200","824","3204700","67074050000"
"64","2004-02-21","14","15","18","21","26","36","39","4","3899818000","0","11","236352600","651","3993600","65085154000"
"65","2004-02-28","4","25","33","36","40","43","39","4","3727945800","0","27","92048000","1003","2477800","66685144000"
"66","2004-03-06","2","3","7","17","22","24","45","4","3685138200","0","19","129303000","786","3125600","63378796000"
"67","2004-03-13","3","7","10","15","36","38","33","7","2114436500","0","62","39787700","972","2537900","64314872000"
"68","2004-03-20","10","12","15","16","26","39","38","5","2945882100","0","20","122745000","754","3255800","63813236000"
"69","2004-03-27","5","8","14","15","19","39","35","3","4962712200","0","20","124067800","766","3239300","63711302000"
"70","2004-04-03","5","19","22","25","28","43","26","3","5031277800","0","14","179688400","717","3508500","63232578000"
"71","2004-04-10","5","9","12","16","29","41","21","0","0","14909209800","28","88745200","782","3177500","62889986000"
"72","2004-04-17","2","4","11","17","26","27","1","13","3260524600","0","44","104081800","2510","1824500","125651214000"
"73","2004-04-24","3","12","18","32","40","43","38","6","2766662100","0","26","106410000","1363","2029800","72635862000"
"74","2004-05-01","6","15","17","18","35","40","23","3","5284949800","0","40","66061800","1021","2588100","68902158000"
"75","2004-05-08","2","5","24","32","34","44","28","4","3914616900","0","19","137354900","817","3194300","66138372000"
"76","2004-05-15","1","3","15","22","25","37","43","2","7451022600","0","17","146098400","840","2956700","65083924000"
"77","2004-05-22","2","18","29","32","43","44","37","3","5155758600","0","19","135677800","713","3615500","64420666000"
"78","2004-05-29","10","13","25","29","33","35","38","4","3519850000","0","22","106662100","910","2578600","61257794000"
"79","2004-06-05","3","12","24","27","30","32","14","4","3416443800","0","31","73471910","1196","1904373","60390004000"
"80","2004-06-12","17","18","24","25","26","30","1","1","13809540000","0","16","143849375","868","2651602","60160440000"
"81","2004-06-19","5","7","11","13","20","33","6","5","2714288880","0","20","113095370","1046","2162436","60983308000"
"82","2004-06-26","1","2","3","14","27","42","39","1","14562494400","0","20","121354120","637","3810177","61302808000"
"83","2004-07-03","6","10","15","17","19","34","14","2","7086948300","0","15","157487740","851","2775930","62512062000"
"84","2004-07-10","16","23","27","34","42","45","11","2","7669779000","0","17","150387824","635","4026131","62780760000"
"85","2004-07-17","6","8","13","23","31","36","21","4","3462109800","0","31","74453975","823","2804464","59451304000"
"86","2004-07-24","2","12","37","39","41","45","33","1","14252186400","0","16","148460275","611","3887667","59835968000"
"87","2004-07-31","4","12","16","23","34","43","26","11","1799358055","0","33","99964337","1250","2639059","83793642000"
"88","2004-08-07","1","17","20","24","30","41","27","4","3069709650","0","31","66015262","1183","1729902","51910612000"
"89","2004-08-14","4","26","28","29","33","40","37","3","4248321900","0","30","70805365","1340","1585195","55102179000"
"90","2004-08-21","17","20","29","35","38","44","10","4","3291435300","0","34","64537948","1297","1691820","55493544000"
"91","2004-08-28","1","21","24","26","29","42","27","4","3582902400","0","32","74643800","1205","1982242","59061052000"
"92","2004-09-04","3","14","24","33","35","36","17","11","1233270846","0","50","45219931","1623","1393098","58296001000"
"93","2004-09-11","6","22","24","36","38","44","19","6","2269178150","0","26","87276083","1462","1552106","57236313000"
"94","2004-09-18","5","32","34","40","41","45","6","6","2245339950","0","38","59087894","1353","1659527","57144729000"
"95","2004-09-25","8","17","27","31","34","43","14","8","1747741238","0","48","48548368","1728","1348566","60077493000"
"96","2004-10-02","1","3","8","21","22","31","20","7","1847133515","0","38","56710240","1197","1800326","54217572000"
"97","2004-10-09","6","7","14","15","20","36","3","9","1496214000","0","46","48789587","1543","1454518","57713200000"
"98","2004-10-16","6","9","16","23","24","32","43","4","3177972300","0","45","47081072","1880","1126941","56231084000"
"99","2004-10-23","1","3","10","27","29","37","11","6","2169219050","0","40","54230477","1581","1372056","56207491000"
"100","2004-10-30","1","7","11","23","37","42","6","4","3315315525","0","36","61394732","1544","1431484","56561977000"
"101","2004-11-06","1","3","17","32","35","45","8","5","2707297500","0","38","59370560","1405","1605752","57585065000"
"102","2004-11-13","17","22","24","26","35","40","42","9","1457153067","0","24","91072067","1352","1616664","56937962000"
"103","2004-11-20","5","14","15","27","30","45","10","8","1691589563","0","38","59354020","1583","1424797","57420615000"
"104","2004-11-27","17","32","33","34","42","44","35","2","6610743750","0","23","95807881","1293","1704240","56533705000"
"105","2004-12-04","8","10","20","34","41","45","28","4","3416781450","0","26","87609781","1331","1711386","57479716000"
"106","2004-12-11","4","10","12","22","24","33","29","16","810461157","0","40","54030744","2056","1051182","57384485000"
"107","2004-12-18","1","4","5","6","9","31","17","2","6679927800","0","35","63618360","2181","1020928","57545202000"
"108","2004-12-25","7","18","22","23","29","44","12","7","1998900772","0","41","56879291","1462","1595111","58875228000"
"109","2005-01-01","1","5","34","36","42","44","33","12","1246838200","0","31","80441175","1493","1670246","62584098000"
"110","2005-01-08","7","20","22","23","29","43","1","3","4566262000","0","38","60082395","1392","1640181","57625490000"
"111","2005-01-15","7","18","31","33","36","40","27","6","2199047450","0","51","43118578","1734","1268194","57876999000"
"112","2005-01-22","26","29","30","33","41","42","43","9","1567271167","0","32","73465836","1370","1715991","59292005000"
"113","2005-01-29","4","9","28","33","36","45","26","9","1561528934","0","43","54471940","1479","1583701","59258248000"
"114","2005-02-05","11","14","19","26","28","41","2","6","2362345050","0","41","57618172","1491","1584404","60079401000"
"115","2005-02-12","1","2","6","9","25","28","31","9","1488589567","0","34","65673070","1990","1122053","59130557000"
"116","2005-02-19","2","4","25","31","34","37","17","7","1997747315","0","56","41619736","1735","1343346","61606084000"
"117","2005-02-26","5","10","22","34","36","44","35","9","1558378334","0","50","46751350","1642","1423610","59429610000"
"118","2005-03-05","3","4","10","17","19","22","38","10","1297989720","0","41","52763810","1671","1294624","57171934000"
"119","2005-03-12","3","11","13","14","17","21","38","9","1474899400","0","49","45149982","1936","1142743","57800632000"
"120","2005-03-19","4","6","10","11","32","37","30","3","4364530300","0","31","70395650","1605","1359667","57418983000"
"121","2005-03-26","12","28","30","34","38","43","9","2","6839648100","0","31","73544604","1342","1698870","57134544000"
"122","2005-04-02","1","11","16","17","36","40","8","9","1450073800","0","38","57239756","1403","1550329","56171704000"
"123","2005-04-09","7","17","18","28","30","45","27","5","2532982680","0","38","55547866","1477","1429126","54097448000"
"124","2005-04-16","4","16","23","25","29","42","1","9","1395936267","0","37","56592011","1540","1359679","54180838000"
"125","2005-04-23","2","8","32","33","35","36","18","7","1754870786","0","36","56870813","1444","1417832","53149705000"
"126","2005-04-30","7","20","22","27","40","43","1","9","1369301500","0","35","58684350","1439","1427347","52748965000"
"127","2005-05-07","3","5","10","29","32","43","35","6","1965939150","0","43","45719516","1279","1537091","50752603000"
"128","2005-05-14","12","30","34","36","37","45","39","6","2064043100","0","23","89741005","1192","1731580","52310392000"
"129","2005-05-21","19","23","25","28","38","42","17","11","1093629655","0","50","40099754","1473","1361160","51555754000"
"130","2005-05-28","7","19","24","27","42","45","31","4","3036496650","0","30","67477704","1273","1590206","51359012000"
"131","2005-06-04","8","10","11","14","15","21","37","8","1451214488","0","33","58634929","1645","1176264","50231773000"
"132","2005-06-11","3","17","23","34","41","45","43","4","2920473525","0","34","57264187","1382","1408816","49921897000"
"133","2005-06-18","4","7","15","18","23","26","13","8","1450242600","0","51","37914840","1466","1319002","50889926000"
"134","2005-06-25","3","12","20","23","31","35","43","5","2349155100","0","50","39152585","1433","1366106","50445575000"
"135","2005-07-02","6","14","22","28","35","39","16","7","1717293515","0","28","71553897","1424","1406959","51062672000"
"136","2005-07-09","2","16","30","36","41","42","11","6","1997694150","0","26","76834391","1279","1561919","51144633000"
"137","2005-07-16","7","9","20","25","36","39","15","9","1270403467","0","40","47640130","1578","1207608","49978654000"
"138","2005-07-23","10","11","27","28","37","39","19","5","2227152000","0","32","57998750","1251","1483582","47688450000"
"139","2005-07-30","9","11","15","20","28","43","13","7","1650210215","0","28","68758759","1128","1706778","48371085000"
"140","2005-08-06","3","13","17","18","19","28","8","5","2109462840","0","34","51702521","1310","1341898","45983464000"
"141","2005-08-13","8","12","29","31","42","43","2","6","1900552400","0","29","65536290","1144","1661323","48016958000"
"142","2005-08-20","12","16","30","34","40","44","19","11","1018265564","0","28","66672150","1326","1407859","48012844000"
"143","2005-08-27","26","27","28","42","43","45","8","3","3954584700","0","35","56494068","1182","1672837","49415357000"
"144","2005-09-03","4","15","17","26","36","37","43","8","1402440413","0","38","49208436","1498","1248279","49202521000"
"145","2005-09-10","2","3","13","20","27","44","9","3","3797838200","0","38","49971556","1217","1560328","48913832000"
"146","2005-09-17","2","19","27","35","41","42","25","2","6043415250","0","34","59249170","1383","1456596","50677555000"
"147","2005-09-24","4","6","13","21","40","42","36","7","1700040215","0","35","56668008","1215","1632412","50345605000"
"148","2005-10-01","21","25","33","34","35","36","17","5","2323596420","0","35","55323725","1185","1634035","49523247000"
"149","2005-10-08","2","11","21","34","41","42","27","7","1639052143","0","43","44470407","1171","1632987","48406950000"
"150","2005-10-15","2","18","25","28","37","39","16","4","2831645850","0","46","41038346","1279","1475969","48763778000"
"151","2005-10-22","1","2","10","13","18","19","15","4","2716634025","0","45","40246430","1491","1214681","47357067000"
"152","2005-10-29","1","5","13","26","29","34","43","5","2278131840","0","30","63281440","1184","1603415","48180334000"
"153","2005-11-05","3","8","11","12","13","36","33","4","2730526125","0","52","35006746","1446","1258888","47777735000"
"154","2005-11-12","6","19","21","35","40","45","20","4","2836628700","0","32","59096432","1189","1590485","48022386000"
"155","2005-11-19","16","19","20","32","33","41","4","9","1193005734","0","37","48365098","1287","1390450","46140202000"
"156","2005-11-26","5","18","28","30","42","45","2","8","1401099900","0","30","62271107","1230","1518808","47344584000"
"157","2005-12-03","19","26","30","33","35","39","37","2","5484903750","0","28","65296474","1155","1582945","46853365000"
"158","2005-12-10","4","9","13","18","21","34","7","10","1069544340","0","45","39612754","1516","1175841","46368888000"
"159","2005-12-17","1","18","30","41","42","43","32","6","1755407300","0","24","73141971","1071","1639036","44311926000"
"160","2005-12-24","3","7","8","34","39","41","1","2","5490805350","0","32","57195890","1079","1696264","46833239000"
"161","2005-12-31","22","34","36","40","42","45","44","7","1996876272","0","63","33275487","1381","1517999","53096453000"
"162","2006-01-07","1","5","21","25","38","41","24","5","2308265760","0","33","58289540","1172","1641259","49050086000"
"163","2006-01-14","7","11","26","28","29","44","16","7","1629726515","0","47","40454205","1390","1367876","49018952000"
"164","2006-01-21","6","9","10","11","39","41","27","3","4054937900","0","39","51986384","1626","1246906","53052119000"
"165","2006-01-28","5","13","18","19","22","42","31","2","6767426700","0","40","56395223","1535","1469583","58088118000"
"166","2006-02-04","9","12","27","36","39","45","14","11","1111299982","0","28","72763690","1507","1351947","52157466000"
"167","2006-02-11","24","27","28","30","36","39","4","5","2491222920","0","36","57667198","1313","1581127","52744392000"
"168","2006-02-18","3","10","31","40","42","43","30","5","2349946920","0","54","36264613","1544","1268322","51496212000"
"169","2006-02-25","16","27","35","37","43","45","19","5","2482888380","0","31","66744312","1171","1766929","52076183000"
"170","2006-03-04","2","11","13","15","31","42","10","6","1923108250","0","27","71226232","1309","1469144","49718245000"
"171","2006-03-11","4","16","25","29","34","35","1","6","1961339700","0","19","103228406","1381","1420232","50357474000"
"172","2006-03-18","4","19","21","24","26","41","35","11","1081154073","0","19","104321885","1276","1553383","50758266000"
"173","2006-03-25","3","9","24","30","33","34","18","8","1487736788","0","63","31486493","1448","1369924","52286521000"
"174","2006-04-01","13","14","18","22","35","39","16","7","1771103058","0","26","79472574","1325","1559462","52340568000"
"175","2006-04-08","19","26","28","31","33","36","17","5","2371132620","0","48","41165497","1347","1466922","50895147000"
"176","2006-04-15","4","17","30","32","33","34","15","5","2314663080","0","40","48222148","1535","1256604","50488528000"
"177","2006-04-22","1","10","13","16","37","43","6","7","1693285500","0","30","65849992","1260","1567857","50480325000"
"178","2006-04-29","1","5","11","12","18","23","9","5","2254621080","0","44","42701157","1566","1199778","49582758000"
"179","2006-05-06","5","9","17","25","39","43","32","10","1081093920","0","53","33996665","1540","1170016","47291694000"
"180","2006-05-13","2","15","20","21","29","34","22","2","5763371550","0","35","54889253","1284","1496203","48895477000"
"181","2006-05-20","14","21","23","32","40","45","44","6","1941763300","0","24","80906805","1233","1574829","49124446000"
"182","2006-05-27","13","15","27","29","34","40","35","3","3721439400","0","44","42289085","1228","1515245","47222594000"
"183","2006-06-03","2","18","24","34","40","42","5","6","1777221500","0","25","71088860","1294","1373433","45938460000"
"184","2006-06-10","1","2","6","16","20","33","41","6","1747753050","0","31","56379131","1331","1313113","45503351000"
"185","2006-06-17","1","2","4","8","19","38","14","3","3522485800","0","34","51801262","1228","1434237","45783088000"
"186","2006-06-24","4","10","14","19","21","45","9","9","1187882600","0","46","38735303","1169","1524230","45484428000"
"187","2006-07-01","1","2","8","18","29","38","42","7","1544733900","0","19","94852082","1253","1438300","45855961000"
"188","2006-07-08","19","24","27","30","31","34","36","3","3501405200","0","33","53051594","1320","1326290","45176242000"
"189","2006-07-15","8","14","32","35","37","45","28","3","3461775100","0","33","52451138","1085","1595289","43650551000"
"190","2006-07-22","8","14","18","30","31","44","15","6","1784159450","0","33","54065438","1016","1756063","44864459000"
"191","2006-07-29","5","6","24","25","32","37","8","4","2577114675","0","23","74698977","1145","1500504","44534869000"
"192","2006-08-05","4","8","11","18","37","45","33","4","2445348375","0","38","42900849","1098","1484729","42035065000"
"193","2006-08-12","6","14","18","26","36","39","13","3","3404449700","0","20","85111243","1135","1499758","43788477000"
"194","2006-08-19","15","20","23","26","39","44","28","4","2650567875","0","21","84145012","1072","1648364","44511515000"
"195","2006-08-26","7","10","19","22","35","40","31","11","918992591","0","66","25527572","1691","996346","44374725000"
"196","2006-09-02","35","36","37","41","44","45","30","15","727876520","0","27","67395975","1518","1198743","45773496000"
"197","2006-09-09","7","12","16","34","42","45","4","6","1803018300","0","42","42929008","1229","1467062","45993306000"
"198","2006-09-16","12","19","20","25","41","45","2","6","1797855050","0","25","71914202","1050","1712243","45614021000"
"199","2006-09-23","14","21","22","25","30","36","43","2","5344252200","0","23","77452931","1049","1698206","45021068000"
"200","2006-09-30","5","6","13","14","17","20","7","8","1344616613","0","58","30910727","1387","1292590","46640423000"
"201","2006-10-07","3","11","24","38","39","44","26","1","9719465400","0","37","43781376","1347","1202607","42254768000"
"202","2006-10-14","12","14","27","33","39","44","17","6","1893391700","0","40","47334793","1232","1536844","48304034000"
"203","2006-10-21","1","3","11","24","30","32","7","5","2164564740","0","43","41948930","1328","1358287","47033359000"
"204","2006-10-28","3","12","14","35","40","45","5","8","1358347125","0","23","78744761","1180","1534856","46077750000"
"205","2006-11-04","1","3","21","29","35","37","30","6","1835221800","0","21","87391515","1098","1671423","46330516000"
"206","2006-11-11","1","2","3","15","20","25","43","5","2032859340","0","36","47056930","1549","1093641","44326979000"
"207","2006-11-18","3","11","14","31","32","37","38","5","2104673760","0","37","47402563","1203","1457935","45282336000"
"208","2006-11-25","14","25","31","34","40","44","24","6","1760767400","0","34","51787277","1224","1438536","45516378000"
"209","2006-12-02","2","7","18","20","24","33","37","6","1660896350","0","34","48849893","1358","1223046","43753377000"
"210","2006-12-09","10","19","22","23","25","37","39","2","5139085950","0","46","37239754","1298","1319745","44757963000"
"211","2006-12-16","12","13","17","20","33","41","8","10","1035800250","0","29","59528750","1308","1319828","45332675000"
"212","2006-12-23","11","12","18","21","31","38","8","4","2660747250","0","36","49273098","1228","1444489","46139120000"
"213","2006-12-30","2","3","4","5","20","24","42","8","1376678025","0","33","55623355","1977","928463","48745094000"
"214","2007-01-06","5","7","20","25","28","37","32","8","1406980875","0","36","52110403","1433","1309124","49195740000"
"215","2007-01-13","2","3","7","15","43","44","4","7","1587689615","0","32","57884518","1248","1484219","47675761000"
"216","2007-01-20","7","16","17","33","36","40","1","13","848506108","0","63","29181427","2612","703840","48342018000"
"217","2007-01-27","16","20","27","33","35","39","38","7","1611246172","0","29","64820249","1206","1558696","48260644000"
"218","2007-02-03","1","8","14","18","29","44","20","4","2779075800","0","26","71258354","1203","1540081","47018314000"
"219","2007-02-10","4","11","20","26","35","37","16","9","1208409167","0","41","44210092","1292","1402952","46903745000"
"220","2007-02-17","5","11","19","21","34","43","31","6","1958094950","0","28","69931963","1317","1486785","50383399000"
"221","2007-02-24","2","20","33","35","37","40","10","6","1800104250","0","44","40911461","1608","1119468","47674135000"
"222","2007-03-03","5","7","28","29","39","43","44","5","2275193820","0","33","57454390","1105","1715833","47735197000"
"223","2007-03-10","1","3","18","20","26","27","38","7","1498170600","0","39","44817070","1416","1234369","46036874000"
"224","2007-03-17","4","19","26","27","30","42","7","6","1808969950","0","26","69575768","1158","1562151","46435109000"
"225","2007-03-24","5","11","13","19","31","36","7","6","1777201800","0","41","43346386","1287","1380888","46352016000"
"226","2007-03-31","2","6","8","14","21","22","34","6","1744100150","0","38","45897373","1305","1336476","45145643000"
"227","2007-04-07","4","5","15","16","22","42","2","2","5253542400","0","24","72965867","1103","1587653","44444776000"
"228","2007-04-14","17","25","35","36","39","44","23","9","1146700334","0","39","44103859","1338","1285539","44764100000"
"229","2007-04-21","4","5","9","11","23","38","35","7","1451441100","0","27","62716591","1312","1290662","44762989000"
"230","2007-04-28","5","11","14","29","32","33","12","8","1292929163","0","25","68956222","1037","1662397","44191351000"
"231","2007-05-05","5","10","19","31","44","45","27","9","1088365900","0","19","85923624","1267","1288516","42355627000"
"232","2007-05-12","8","9","10","12","24","44","35","9","1110918400","0","18","92576534","1268","1314178","43564632000"
"233","2007-05-19","4","6","13","17","28","40","39","10","999153750","0","26","64048318","1274","1307109","43516805000"
"234","2007-05-26","13","21","22","24","26","37","4","4","2519743875","0","23","73036055","1049","1601363","42814085000"
"235","2007-06-02","21","22","26","27","31","37","8","3","3433330100","0","29","59195347","1178","1457271","43347391000"
"236","2007-06-09","1","4","8","13","37","39","7","2","5030040150","0","41","40894636","1046","1602945","42941871000"
"237","2007-06-16","1","11","17","21","24","44","33","7","1440630729","0","39","43095792","1098","1530725","43358287000"
"238","2007-06-23","2","4","15","28","31","34","35","9","1121660567","0","29","58016926","1066","1578322","42952477000"
"239","2007-06-30","11","15","24","39","41","44","7","9","1134140167","0","29","58662423","1083","1570832","43296565000"
"240","2007-07-07","6","10","16","40","41","43","21","2","5098251450","0","28","60693470","1084","1567728","43603443000"
"241","2007-07-14","2","16","24","27","28","35","21","4","2552016300","0","34","50039536","967","1759405","43246894000"
"242","2007-07-21","4","19","20","21","32","34","43","8","1234542375","0","36","45723792","1245","1322134","42679760000"
"243","2007-07-28","2","12","17","19","28","42","34","4","2408850000","0","29","55375863","1089","1474656","41304830000"
"244","2007-08-04","13","16","25","36","37","38","19","1","9121583100","0","25","60810554","1096","1387103","39411047000"
"245","2007-08-11","9","11","27","31","32","38","22","7","1382583129","0","35","46086105","1092","1477119","41854623000"
"246","2007-08-18","13","18","21","23","26","39","15","5","1911774240","0","26","61274816","1294","1231179","41453154000"
"247","2007-08-25","12","15","28","36","39","40","13","6","1669313900","0","29","57562549","1019","1638189","42231698000"
"248","2007-09-01","3","8","17","23","38","45","13","8","1227479363","0","23","71158224","1155","1417004","42348403000"
"249","2007-09-08","3","8","27","31","41","44","11","6","1663568700","0","29","57364438","1169","1423070","42539134000"
"250","2007-09-15","19","23","30","37","43","45","38","5","1994726280","0","17","97780700","1051","1581610","42122808000"
"251","2007-09-22","6","7","19","25","28","38","45","8","1282616400","0","40","42753880","1242","1376937","44493014000"
"252","2007-09-29","14","23","26","31","39","45","28","7","1391089715","0","24","67622417","1087","1493044","41207920000"
"253","2007-10-06","8","19","25","31","34","36","33","4","2466189525","0","20","82206318","1169","1406439","42309347000"
"254","2007-10-13","1","5","19","20","24","30","27","1","9741015900","0","33","49197050","1225","1325309","42259113000"
"255","2007-10-20","1","5","6","24","27","42","32","6","1598618550","0","13","122970658","1054","1516716","41425341000"
"256","2007-10-27","4","11","14","21","23","43","32","2","4891017000","0","34","47951148","1192","1367735","41996580000"
"257","2007-11-03","6","13","27","31","32","37","4","4","2391377025","0","18","88569520","1233","1292986","41433637000"
"258","2007-11-10","14","27","30","31","38","40","17","4","2426434350","0","28","57772247","1724","938297","41364428000"
"259","2007-11-17","4","5","14","35","42","45","34","2","4838533500","0","25","64513780","1030","1565869","40905570000"
"260","2007-11-24","7","12","15","24","37","40","43","4","2310085575","0","26","59232964","1284","1199422","40140211000"
"261","2007-12-01","6","11","16","18","31","43","2","3","3192299100","0","32","49879674","1104","1445788","41215041000"
"262","2007-12-08","9","12","24","25","29","31","36","2","4518741600","0","21","71726058","1106","1361888","39232234000"
"263","2007-12-15","1","27","28","32","37","40","18","6","1551704900","0","27","57470552","937","1656036","39677128000"
"264","2007-12-22","9","16","27","36","41","44","5","7","1344889200","0","27","58112497","1047","1498604","39783178000"
"265","2007-12-29","5","9","34","37","38","39","12","8","1200838575","0","19","84269374","1010","1585266","40913922000"
"266","2008-01-05","3","4","9","11","22","42","37","3","3207211700","0","36","44544607","1194","1343054","41937067000"
"267","2008-01-12","7","8","24","34","36","41","1","3","3257663300","0","28","58172559","1141","1427548","41835853000"
"268","2008-01-19","3","10","19","24","32","45","12","7","1350954515","0","35","45031818","1362","1157206","41213802000"
"269","2008-01-26","5","18","20","36","42","43","32","5","1961399940","0","22","74295453","1014","1611933","41357619000"
"270","2008-02-02","5","9","12","20","21","26","27","5","1927830060","0","32","50203908","1242","1293499","41845351000"
"271","2008-02-09","3","8","9","27","29","40","36","6","1565918150","0","28","55925649","1256","1246751","40879633000"
"272","2008-02-16","7","9","12","27","39","43","28","9","1104622800","0","39","42485493","1370","1209442","43310674000"
"273","2008-02-23","1","8","24","31","34","44","6","3","3339543100","0","21","79512931","1096","1523515","42816211000"
"274","2008-03-01","13","14","15","26","35","39","25","4","2505085575","0","37","45136678","1254","1331784","42631711000"
"275","2008-03-08","14","19","20","35","38","40","26","1","10044066900","0","19","88105850","991","1689215","42329813000"
"276","2008-03-15","4","15","21","33","39","41","25","3","3312569000","0","31","53428533","1161","1426602","42567610000"
"277","2008-03-22","10","12","13","15","25","29","20","3","3272627800","0","31","52784320","1104","1482169","41868708000"
"278","2008-03-29","3","11","37","39","41","43","13","3","3186530000","0","27","59009815","1089","1463054","41088180000"
"279","2008-04-05","7","16","31","36","37","38","11","5","1914205320","0","27","59080412","1088","1466150","41130542000"
"280","2008-04-12","10","11","23","24","36","37","35","7","1355258529","0","27","58560554","1145","1380904","40673999000"
"281","2008-04-19","1","3","4","6","14","41","12","6","1554683200","0","37","42018465","1491","1042712","40800514000"
"282","2008-04-26","2","5","10","18","31","32","30","7","1322052643","0","32","48199836","1523","1012735","41051175000"
"283","2008-05-03","6","8","18","31","38","45","42","3","3137224600","0","24","65358846","1061","1478429","40133316000"
"284","2008-05-10","2","7","15","24","30","45","28","3","3117640300","0","14","111344297","955","1632273","39773403000"
"285","2008-05-17","13","33","37","40","41","45","2","3","3164370100","0","26","60853272","1017","1555738","40364871000"
"286","2008-05-24","1","15","19","40","42","44","17","3","3236566300","0","27","59936413","1033","1566586","40944483000"
"287","2008-05-31","6","12","24","27","35","37","41","7","1328657100","0","37","41894594","1330","1165489","40623489000"
"288","2008-06-07","1","12","17","28","35","41","10","4","2357261550","0","24","65479488","1056","1488171","39970134000"
"289","2008-06-14","3","14","33","37","38","42","10","0","0","9181683900","24","63761694","1019","1501748","39406643000"
"290","2008-06-21","8","13","18","32","39","45","7","13","2149214424","0","61","51251650","2297","1361059","80362302000"
"291","2008-06-28","3","7","8","18","20","42","45","7","1450585200","0","39","43393575","1227","1379258","44143418000"
"292","2008-07-05","17","18","31","32","33","34","10","14","720373950","0","37","45428988","1688","995778","43394631000"
"293","2008-07-12","1","9","17","21","29","33","24","6","1656764400","0","21","78893543","1154","1435672","42399708000"
"294","2008-07-19","6","10","17","30","37","38","40","4","2406504975","9626019900","26","61705256","1137","1411027","41563813000"
"295","2008-07-26","1","4","12","16","18","38","8","0","0","9823300500","26","62969875","1013","1616207","42248135000"
"296","2008-08-02","3","8","15","27","30","45","44","8","3066088275","24528706200","53","46243415","2066","1186303","63377899000"
"297","2008-08-09","6","11","19","20","28","32","34","2","5056668750","10113337500","28","60198438","1275","1322005","43641475000"
"298","2008-08-16","5","9","27","29","37","40","19","1","9909778500","9909778500","40","41290744","1353","1220717","43151675000"
"299","2008-08-23","1","3","20","25","36","45","24","7","1483772529","10386407700","29","59691999","1118","1548362","44463909000"
"300","2008-08-30","7","9","10","12","26","38","39","12","836092425","10033109100","34","49181908","1416","1180922","44465047000"
"301","2008-09-06","7","11","13","33","37","43","26","7","1447385015","10131695100","47","35927997","1271","1328573","44377177000"
"302","2008-09-13","13","19","20","32","38","42","4","2","5472167250","10944334500","44","41455813","1134","1608515","46382605000"
"303","2008-09-20","2","14","17","30","38","45","43","6","1672749000","10036494000","29","57681000","1158","1444516","42841760000"
"304","2008-09-27","4","10","16","26","33","41","38","6","1661646150","9969876900","37","44909356","1426","1165250","43158653000"
"305","2008-10-04","7","8","18","21","23","39","9","5","2008210140","10041050700","34","49220837","1377","1215330","43960659000"
"306","2008-10-11","4","18","23","30","34","41","19","5","2102669520","10513347600","23","76183679","1219","1437428","44421462000"
"307","2008-10-18","5","15","21","23","25","45","12","4","2587643250","10350573000","28","61610554","1177","1465672","43880990000"
"308","2008-10-25","14","15","17","19","37","45","40","1","10232872800","10232872800","27","63165882","978","1743844","43339416000"
"309","2008-11-01","1","2","5","11","18","36","22","11","901622946","9917852400","25","66119016","1390","1189191","44157528000"
"310","2008-11-08","1","5","19","28","34","41","16","8","1296713325","10373706600","29","59619004","1086","1592036","43718082000"
"311","2008-11-15","4","12","24","27","28","32","10","8","1237691063","9901528500","43","38378018","1363","1210752","43209215000"
"312","2008-11-22","2","3","5","6","12","20","25","15","629017820","9435267300","58","27112838","2064","761892","42255391000"
"313","2008-11-29","9","17","34","35","43","45","2","6","1715422800","10292536800","26","65977800","1120","1531628","43672096000"
"314","2008-12-06","15","17","19","34","38","41","2","6","1660512200","9963073200","24","69188009","1067","1556244","42328094000"
"315","2008-12-13","1","13","33","35","43","45","23","8","1308728625","10469829000","32","54530360","1063","1641554","44339180000"
"316","2008-12-20","10","11","21","27","31","39","43","6","1673586400","10041518400","29","57709876","1398","1197130","44073768000"
"317","2008-12-27","3","10","11","22","36","39","8","4","2576258550","10305034200","25","68700228","1132","1517232","44135114000"
"318","2009-01-03","2","17","19","20","34","45","21","9","1207436600","10866929400","28","64684104","1381","1311481","46663728000"
"319","2009-01-10","5","8","22","28","33","42","37","5","2135659380","10678296900","26","68450622","1151","1546235","45435183000"
"320","2009-01-17","16","19","23","25","41","45","3","2","5513067900","11026135800","25","73507572","1081","1699991","46659886000"
"321","2009-01-24","12","18","20","21","25","34","42","6","1959136100","11754816600","35","55975318","1276","1535374","50617982000"
"322","2009-01-31","9","18","29","32","38","43","20","6","1904544700","11427268200","29","65673956","1465","1300031","48948294000"
"323","2009-02-07","10","14","15","32","36","42","3","8","1461025388","11688203100","27","72149402","1175","1657902","49209477000"
"324","2009-02-14","2","4","21","25","33","36","17","6","1865130350","11190782100","40","46628259","1228","1518836","47988317000"
"325","2009-02-21","7","17","20","32","44","45","33","6","1806122450","10836734700","33","54730984","1258","1435710","46636979000"
"326","2009-02-28","16","23","25","33","36","39","40","6","1832134550","10992807300","31","59101115","1335","1372386","47224551000"
"327","2009-03-07","6","12","13","17","32","44","24","12","882674750","10592097000","39","45265372","1242","1421377","45791560000"
"328","2009-03-14","1","6","9","16","17","28","24","6","1819795900","10918775400","30","60659864","1380","1318693","47316988000"
"329","2009-03-21","9","17","19","30","35","42","4","6","1830391200","10982347200","33","55466400","1215","1506495","47198504000"
"330","2009-03-28","3","4","16","17","19","20","23","9","1162280200","10460521800","32","54481885","1431","1218324","45859496000"
"331","2009-04-04","4","9","14","26","31","44","39","5","2165902620","10829513100","45","40109308","1365","1322285","46641467000"
"332","2009-04-11","16","17","34","36","42","45","3","8","1359448388","10875587100","37","48989132","1098","1650818","46042557000"
"333","2009-04-18","5","14","27","30","39","43","35","7","1550987143","10856910000","36","50263473","1365","1325631","46019070000"
"334","2009-04-25","13","15","21","29","39","43","33","7","1523002972","10661020800","31","57317317","1055","1684206","44439656000"
"335","2009-05-02","5","9","16","23","26","45","21","5","2037492480","10187462400","28","60639658","1222","1389453","43977478000"
"336","2009-05-09","3","5","20","34","35","44","16","6","1685632650","10113795900","30","56187755","989","1704381","43069333000"
"337","2009-05-16","1","5","14","18","32","37","4","8","1257500513","10060004100","33","50808102","1194","1404245","43432467000"
"338","2009-05-23","2","13","34","38","42","45","16","3","3383431000","10150293000","39","43377321","1123","1506426","43136020000"
"339","2009-05-30","6","8","14","21","30","37","45","9","1096778334","9871005000","32","51411485","1107","1486150","42035640000"
"340","2009-06-06","18","24","26","29","34","38","32","7","1439393186","10075752300","35","47979773","1125","1492705","42892121000"
"341","2009-06-13","1","8","19","34","39","43","41","7","1497207772","10480454400","33","52931588","1235","1414367","44722448000"
"342","2009-06-20","1","13","14","33","34","43","25","3","3454095800","10362287400","29","59553376","1177","1467331","43782188000"
"343","2009-06-27","1","10","17","29","31","43","15","6","1717153000","10302918000","29","59212173","1096","1566746","43656460000"
"344","2009-07-04","1","2","15","28","34","45","38","7","1467106543","10269745800","23","74418448","1106","1547581","43838886000"
"345","2009-07-11","15","20","23","29","39","42","2","2","5203577550","10407155100","38","45645418","1028","1687282","43530937000"
"346","2009-07-18","5","13","14","22","44","45","33","5","2017727340","10088636700","26","64670749","1146","1467225","42862389000"
"347","2009-07-25","3","8","13","27","32","42","10","7","1456624286","10196370000","38","44720922","1399","1214722","44219740000"
"348","2009-08-01","3","14","17","20","24","31","34","3","3299994000","9899982000","37","44594514","1222","1350244","42786310000"
"349","2009-08-08","5","13","14","20","24","25","36","3","3353209000","10059627000","37","45313636","1168","1435450","43433870000"
"350","2009-08-15","1","8","18","24","29","33","35","9","1101052467","9909472200","23","71807770","1197","1379765","42681094000"
"351","2009-08-22","5","25","27","29","34","36","33","4","2583357150","10333428600","29","59387521","1137","1514722","43947492000"
"352","2009-08-29","5","16","17","20","26","41","24","6","1732858250","10397149500","29","59753733","1166","1486157","44719545000"
"353","2009-09-05","11","16","19","22","29","36","26","2","5290838250","10581676500","29","60814233","1042","1692527","44552925000"
"354","2009-09-12","14","19","36","43","44","45","1","5","2124464340","10622321700","34","52070205","1014","1745944","44709689000"
"355","2009-09-19","5","8","29","30","35","44","38","5","2145424800","10727124000","24","74493917","1094","1634236","45017050000"
"356","2009-09-26","2","8","14","25","29","45","24","9","1157185267","10414667400","37","46912917","1263","1374330","44684958000"
"357","2009-10-03","10","14","18","21","36","37","5","2","5313394350","10626788700","27","65597462","1116","1587036","45232409000"
"358","2009-10-10","1","9","10","12","21","40","37","3","3472654900","10417964700","44","39461988","1382","1256388","45651829000"
"359","2009-10-17","1","10","19","20","24","40","23","8","1286712600","10293700800","37","46368022","1656","1036001","45288256000"
"360","2009-10-24","4","16","23","25","35","40","27","3","3566716200","10700148600","33","54041155","1208","1476290","45719032000"
"361","2009-10-31","5","10","16","24","27","35","33","7","1473115115","10311805800","34","50548068","1463","1174733","45062676000"
"362","2009-11-07","2","3","22","27","30","40","29","6","1729424650","10376547900","26","66516333","1173","1474361","44336363000"
"363","2009-11-14","11","12","14","21","32","38","6","4","2615910600","10463642400","33","52846679","1216","1434162","44863948000"
"364","2009-11-21","2","5","7","14","16","40","4","4","2531914800","10127659200","37","45620087","1259","1340702","44192004000"
"365","2009-11-28","5","15","21","25","26","30","31","1","10697716800","10697716800","35","50941509","1181","1509698","45806066000"
"366","2009-12-05","5","12","19","26","27","44","38","2","5351553900","10703107800","39","45739777","1617","1103186","45962166000"
"367","2009-12-12","3","22","25","29","32","44","19","7","1581736586","11072156100","37","49874578","1049","1759161","46459307000"
"368","2009-12-19","11","21","24","30","39","45","26","7","1465825115","10260775800","38","45003403","1195","1431071","43746046000"
"369","2009-12-26","17","20","35","36","41","43","21","6","1842177750","11053066500","31","59425089","1157","1592203","46716275000"
"370","2010-01-02","16","18","24","42","44","45","17","7","1678941943","11752593600","32","61211425","1168","1677026","49762652000"
"371","2010-01-09","7","9","15","26","27","42","18","7","1524130543","10668913800","29","61315597","1201","1480560","45843166000"
"372","2010-01-16","8","11","14","16","18","21","13","9","1192593200","10733338800","37","48348373","1368","1307668","46167066000"
"373","2010-01-23","15","26","37","42","43","45","9","4","2791801125","11167204500","29","64179337","1117","1666250","47095065000"
"374","2010-01-30","11","13","15","17","25","34","26","2","5528717850","11057435700","27","68255776","1398","1318245","48081319000"
"375","2010-02-06","4","8","19","25","27","45","7","7","1581284058","11068988400","42","43924558","1279","1442402","47864938000"
"376","2010-02-13","1","11","13","24","28","40","7","6","1956915800","11741494800","51","38370899","1411","1386900","50657096000"
"377","2010-02-20","6","22","29","37","43","45","23","3","3912085400","11736256200","22","88911032","1198","1632757","49218434000"
"378","2010-02-27","5","22","29","31","34","39","43","5","2317698240","11588491200","30","64380507","1124","1718341","48866964000"
"379","2010-03-06","6","10","22","31","35","40","19","7","1598999786","11192998500","71","26274645","1342","1390090","47537685000"
"380","2010-03-13","1","2","8","17","26","37","27","4","2684274825","10737099300","42","42607537","1464","1222348","47164371000"
"381","2010-03-20","1","5","10","12","16","20","11","19","565738895","10749039900","62","28895267","1981","904345","47943113000"
"382","2010-03-27","10","15","22","24","27","42","19","6","1846674900","11080049400","32","57708591","1212","1523660","47401288000"
"383","2010-04-03","4","15","28","33","37","40","25","3","3596522100","10789566300","28","64223609","1251","1437459","46067051000"
"384","2010-04-10","11","22","24","32","36","38","7","3","3658734200","10976202600","41","44618710","1215","1505652","46888942000"
"385","2010-04-17","7","12","19","21","29","32","9","7","1542032700","10794228900","36","49973282","1235","1456712","46243483000"
"386","2010-04-24","4","7","10","19","31","40","26","10","1042953330","10429533300","59","29461959","1683","1032832","45907331000"
"387","2010-05-01","1","26","31","34","40","43","20","4","2675533500","10702134000","26","68603424","1177","1515454","45459960000"
"388","2010-05-08","1","8","9","17","29","32","45","4","2545543875","10182175500","30","56567642","1269","1337297","44308705000"
"389","2010-05-15","7","16","18","20","23","26","3","5","2119027020","10595135100","36","49051552","1253","1409303","45534027000"
"390","2010-05-22","16","17","28","37","39","40","15","1","10373997900","10373997900","37","46729721","1087","1590617","44189673000"
"391","2010-05-29","10","11","18","22","28","39","30","1","10508749800","10508749800","32","54733072","1337","1309992","45161516000"
"392","2010-06-05","1","3","7","8","24","42","43","6","1713528700","10281172200","30","57117624","1504","1139315","45528684000"
"393","2010-06-12","9","16","28","40","41","43","21","8","1362003975","10896031800","35","51885866","1072","1694035","45989116000"
"394","2010-06-19","1","13","20","22","25","28","15","1","10654349100","10654349100","33","53809844","1204","1474855","45192337000"
"395","2010-06-26","11","15","20","26","31","35","7","7","1534635000","10742445000","42","42628750","1420","1260851","46192580000"
"396","2010-07-03","18","20","31","34","40","45","30","2","5296622400","10593244800","34","51927671","1202","1468836","45463736000"
"397","2010-07-10","12","13","17","22","25","33","8","3","3499519700","10498559100","31","56443867","1366","1280937","45890007000"
"398","2010-07-17","10","15","20","23","42","44","7","4","2680625550","10722502200","31","57647862","1112","1607090","45427304000"
"399","2010-07-24","1","2","9","17","19","42","20","8","1276854975","10214839800","40","42561833","1462","1164483","45551786000"
"400","2010-07-31","9","21","27","34","41","43","2","4","2669834325","10679337300","30","59329652","1254","1419370","45379731000"
"401","2010-08-07","6","12","18","31","38","43","9","9","1168214792","10513933125","29","60424904","1355","1293227","43491965000"
"402","2010-08-14","5","9","15","19","22","36","32","4","2662206188","10648824750","41","43287906","1271","1396385","45002946000"
"403","2010-08-21","10","14","22","24","28","37","26","5","2122396875","10611984375","43","41131723","1321","1338883","44911335000"
"404","2010-08-28","5","20","21","24","33","40","36","3","3566659375","10699978125","26","68589604","1273","1400888","45389825000"
"405","2010-09-04","1","2","10","25","26","44","4","3","3543878000","10631634000","35","50626829","1283","1381091","45220904000"
"406","2010-09-11","7","12","21","24","27","36","45","5","2156142450","10780712250","33","54448042","1442","1246038","46062206000"
"407","2010-09-18","6","7","13","16","24","25","1","7","1649707286","11547951000","27","71283649","1268","1517870","48429586000"
"408","2010-09-25","9","20","21","22","30","37","16","5","2235375825","11176879125","33","56448885","1244","1497439","46406711000"
"409","2010-10-02","6","9","21","31","32","40","38","4","2896989750","11587959000","36","53647959","1320","1463127","47924584000"
"410","2010-10-09","1","3","18","32","40","41","16","9","1249335709","11244021375","37","50648745","1303","1438223","47467817000"
"411","2010-10-16","11","14","22","35","37","39","5","12","953227563","11438730750","36","52957087","1318","1446476","47259122000"
"412","2010-10-23","4","7","39","41","42","45","40","7","1656199822","11593398750","34","56830387","1223","1579913","47066180000"
"413","2010-10-30","2","9","15","23","34","40","3","4","2814673500","11258694000","36","52123584","1256","1493989","46925724000"
"414","2010-11-06","2","14","15","22","23","44","43","1","11703832500","11703832500","35","55732536","1220","1598885","46910990000"
"415","2010-11-13","7","17","20","26","30","40","24","8","1334182407","10673459250","35","50825997","1587","1120927","46746048000"
"416","2010-11-20","5","6","8","11","22","26","44","10","1072037100","10720371000","32","55835266","1501","1190359","46854806000"
"417","2010-11-27","4","5","14","20","22","43","44","4","2818329938","11273319750","34","55261372","1181","1590929","45968256000"
"418","2010-12-04","11","13","15","26","28","34","31","8","1435649766","11485198125","46","41613037","1316","1454560","47058055000"
"419","2010-12-11","2","11","13","14","28","30","7","3","3796490750","11389472250","33","57522588","1194","1589821","46508296000"
"420","2010-12-18","4","9","10","29","31","34","27","8","1424856375","11398851000","35","54280243","1187","1600513","47345476000"
"421","2010-12-25","6","11","26","27","28","44","30","5","2321144325","11605721625","36","53730193","1203","1607887","47752021000"
"422","2011-01-01","8","15","19","21","34","44","12","6","2205251375","13231508250","21","105011971","1293","1705531","52730602000"
"423","2011-01-08","1","17","27","28","29","40","5","3","3896153875","11688461625","47","41448446","1432","1360389","49668311000"
"424","2011-01-15","10","11","26","31","34","44","30","10","1109480813","11094808125","51","36257543","1686","1096759","48728445000"
"425","2011-01-22","8","10","14","27","33","38","3","8","1534833000","12278664000","41","49913269","1297","1577829","50459694000"
"426","2011-01-29","4","17","18","27","39","43","19","4","3057233625","12228934500","63","32351679","1463","1393135","51466592000"
"427","2011-02-05","6","7","15","24","28","30","21","1","12571445625","12571445625","33","63492150","1415","1480736","52511055000"
"428","2011-02-12","12","16","19","22","37","40","8","9","1437683209","12939148875","30","71884161","1568","1375335","54685007000"
"429","2011-02-19","3","23","28","34","39","42","16","9","1485904709","13373142375","37","60239381","1389","1604649","53993833000"
"430","2011-02-26","1","3","16","18","30","34","44","8","1611763219","12894105750","45","47755948","1449","1483104","53194872000"
"431","2011-03-05","18","22","25","31","38","45","6","10","1268434013","12684340125","43","49164110","1337","1581195","51661947000"
"432","2011-03-12","2","3","5","11","27","39","33","5","2299427550","11497137750","48","39920618","1747","1096846","52348574000"
"433","2011-03-19","19","23","29","33","35","43","27","11","1182294410","13005238500","41","52866824","1278","1696041","52396606000"
"434","2011-03-26","3","13","20","24","33","37","35","8","1480060266","11840482125","37","53335506","1867","1056998","51579439000"
"435","2011-04-02","8","16","26","30","38","45","42","10","1287550013","12875500125","31","69223119","1426","1504851","52341267000"
"436","2011-04-09","9","14","20","22","33","34","28","8","1512266579","12098132625","44","45826260","1425","1414987","50869017000"
"437","2011-04-16","11","16","29","38","41","44","21","6","2096245438","12577472625","33","63522590","1286","1630051","50798417000"
"438","2011-04-23","6","12","20","26","29","38","45","9","1377142167","12394279500","41","50383250","1303","1585352","50370042000"
"439","2011-04-30","17","20","30","31","37","40","25","6","1900077375","11400464250","33","57578103","1437","1322253","49680708000"
"440","2011-05-07","10","22","28","34","36","44","2","6","1995873000","11975238000","41","48679830","1495","1335033","49810778000"
"441","2011-05-14","1","23","28","30","34","35","9","4","3170417063","12681668250","42","50324081","1127","1875432","50272122000"
"442","2011-05-21","25","27","29","36","38","40","41","9","1413413042","12720717375","27","78522947","1271","1668073","51219943000"
"443","2011-05-28","4","6","10","19","20","44","14","9","1327597584","11948378250","41","48570644","1668","1193883","51236072000"
"444","2011-06-04","11","13","23","35","43","45","17","3","4154188625","12462565875","26","79888243","1270","1635508","50673529000"
"445","2011-06-11","13","20","21","30","39","45","32","7","1791683036","12541781250","28","74653460","1183","1766946","50053080000"
"446","2011-06-18","1","11","12","14","26","35","6","3","4051247625","12153742875","41","49405459","1375","1473181","50595241000"
"447","2011-06-25","2","7","8","9","17","33","34","4","2657941125","10631764500","31","57160025","1721","1029612","49555042000"
"448","2011-07-02","3","7","13","27","40","41","36","3","4026212750","12078638250","35","57517325","1422","1415687","51341262000"
"449","2011-07-09","3","10","20","26","35","43","36","3","4059715250","12179145750","39","52047632","1295","1567458","50214272000"
"450","2011-07-16","6","14","19","21","23","31","13","6","1990391625","11942349750","34","58540931","1349","1475458","49732036000"
"451","2011-07-23","12","15","20","24","30","38","29","13","882138952","11467806375","31","61654873","1612","1185671","49861167000"
"452","2011-07-30","8","10","18","30","32","34","27","9","1276902000","11492118000","48","39903188","1298","1475619","48456758000"
"453","2011-08-06","12","24","33","38","40","42","30","5","2262732375","11313661875","36","52378065","1412","1335419","48055125000"
"454","2011-08-13","13","25","27","34","38","41","10","7","1609125590","11263879125","43","43658447","1397","1343818","48389211000"
"455","2011-08-20","4","19","20","26","30","35","24","7","1635711483","11449980375","32","59635315","1448","1317908","48769851000"
"456","2011-08-27","1","7","12","18","23","27","44","7","1598505054","11189535375","39","47818528","1616","1154037","49420681000"
"457","2011-09-03","8","10","18","23","27","40","33","10","1159902825","11599028250","47","41131306","1506","1283647","49679052000"
"458","2011-09-10","4","9","10","32","36","40","18","8","1608812625","12870501000","52","41251606","1433","1496918","53778256000"
"459","2011-09-17","4","6","10","14","25","40","12","7","1655842233","11590895625","46","41995999","1532","1260977","49890095000"
"460","2011-09-24","8","11","28","30","43","45","41","4","3180895782","12723583125","30","70686573","1307","1622493","51917635000"
"461","2011-10-01","11","18","26","31","37","40","43","6","1948674875","11692049250","32","60896090","1717","1134931","50624588000"
"462","2011-10-08","3","20","24","32","37","45","4","8","1483559297","11868474375","39","50719976","1394","1418996","49325555000"
"463","2011-10-15","23","29","31","33","34","44","40","0","0","12140599125","37","54687384","1254","1613584","49205151000"
"464","2011-10-22","6","12","15","34","42","44","4","13","3355721106","43624374375","78","67273025","3145","1668457","126772274000"
"465","2011-10-29","1","8","11","13","22","38","31","7","1923662893","13465640250","46","48788552","1733","1295023","57793294000"
"466","2011-11-05","4","10","13","23","32","44","20","9","1530313459","13772821125","55","41735822","1746","1314703","58314753000"
"467","2011-11-12","2","12","14","17","24","40","39","9","1435441084","12918969750","33","65247322","1811","1188936","57383906000"
"468","2011-11-19","8","13","15","28","37","43","17","9","1527197167","13744774500","33","69418054","1457","1572269","55598552000"
"469","2011-11-26","4","21","22","34","37","38","33","4","3330131250","13320525000","33","67275379","1277","1738519","53364940000"
"470","2011-12-03","10","16","20","39","41","42","27","3","4333330625","12999991875","27","80246864","1390","1558753","53912965000"
"471","2011-12-10","6","13","29","37","39","41","43","7","1939332858","13575330000","30","75418500","1219","1856075","53492340000"
"472","2011-12-17","16","25","26","31","36","43","44","7","1809656090","12667592625","23","91794150","1352","1561587","51929207000"
"473","2011-12-24","8","13","20","22","23","36","34","4","3250418063","13001672250","36","60192928","1313","1650378","52867236000"
"474","2011-12-31","4","13","18","31","33","45","43","15","936690800","14050362000","48","48785980","1738","1347369","58978482000"
"475","2012-01-07","1","9","14","16","21","29","3","8","1693923047","13551384375","33","68441336","1486","1519896","56043275000"
"476","2012-01-14","9","12","13","15","37","38","27","4","3439851469","13759405875","34","67448069","1294","1772206","55591819000"
"477","2012-01-21","14","25","29","32","33","45","37","8","1919011829","15352094625","33","77535832","1474","1735877","60801409000"
"478","2012-01-28","18","29","30","37","39","43","8","14","987224759","13821146626","35","65814984","1285","1792627","54975901000"
"479","2012-02-04","8","23","25","27","35","44","24","6","2233046500","13398279000","34","65677839","1389","1607665","54848834000"
"480","2012-02-11","3","5","10","17","30","31","16","4","2996742282","11986969125","50","39956564","1983","1007478","55415681000"
"481","2012-02-18","3","4","23","29","40","41","20","3","4639355750","13918067250","34","68225820","1294","1792642","55642616000"
"482","2012-02-25","1","10","16","24","25","35","43","7","1897921179","13285448250","30","73808046","1639","1350971","56201452000"
"483","2012-03-03","12","15","19","22","28","34","5","5","2567196675","12835983375","53","40364728","1886","1134322","55582659000"
"484","2012-03-10","1","3","27","28","32","45","11","6","2305303063","13831818375","32","72040721","1343","1716533","55885979000"
"485","2012-03-17","17","22","26","27","36","39","20","9","1501474917","13513274250","33","68248860","1406","1601859","55692878000"
"486","2012-03-24","1","2","23","25","38","40","43","13","1008634125","13112243625","29","75357722","1501","1455946","54540823000"
"487","2012-03-31","4","8","25","27","37","41","21","8","1638830766","13110646125","46","47502342","1587","1376880","55276503000"
"488","2012-04-07","2","8","17","30","31","38","25","10","1330393575","13303935750","33","67191595","1345","1648567","54213092000"
"489","2012-04-14","2","4","8","15","20","27","11","6","2106360625","12638163750","52","40506936","1538","1369546","53558490000"
"490","2012-04-21","2","7","26","29","40","43","42","7","1860234161","13021639125","29","74837007","1357","1599318","52590121000"
"491","2012-04-28","8","17","35","36","39","42","4","4","3304634438","13218537750","31","71067408","1360","1619919","53413874000"
"492","2012-05-05","22","27","31","35","37","40","42","5","2493013800","12465069000","40","51937788","1434","1448753","51693454000"
"493","2012-05-12","20","22","26","33","36","37","25","9","1451120334","13060083000","27","80617797","1342","1621968","53231838000"
"494","2012-05-19","5","7","8","15","30","43","22","12","1054588407","12655060875","40","52729421","1539","1370486","53321589000"
"495","2012-05-26","4","13","22","27","34","44","6","6","2111645000","12669870000","44","47991932","1568","1346713","53645960000"
"496","2012-06-02","4","13","20","29","36","41","39","4","3285932250","13143729000","46","47622207","1389","1577122","52915804000"
"497","2012-06-09","19","20","23","24","43","44","13","6","2222817813","13336906875","30","74093928","1148","1936253","52411585000"
"498","2012-06-16","13","14","24","32","39","41","3","4","3244503094","12978012375","35","61800059","1334","1621441","52851253000"
"499","2012-06-23","5","20","23","27","35","40","43","3","4070480250","12211440750","46","44244351","1514","1344281","52767632000"
"500","2012-06-30","3","4","12","20","24","34","41","9","1351072375","12159651375","68","29803068","1831","1106832","54012267000"
"501","2012-07-07","1","4","10","17","31","42","2","4","3025200094","12100800375","61","33062297","1639","1230507","52717711000"
"502","2012-07-14","6","22","28","32","34","40","26","6","2201458125","13208748750","31","71014779","1482","1485465","54000640000"
"503","2012-07-21","1","5","27","30","34","36","40","7","1853634911","12975444375","42","51489859","1292","1673819","53572205000"
"504","2012-07-28","6","14","22","26","43","44","31","9","1443236959","12989132625","29","74650188","1294","1672995","51787037000"
"505","2012-08-04","7","20","22","25","38","40","44","6","1917955188","11507731125","38","50472505","1440","1331914","49103223000"
"506","2012-08-11","6","9","11","22","24","30","31","3","4073333875","12220001625","33","61717180","1588","1282536","52363311000"
"507","2012-08-18","12","13","32","33","40","41","4","9","1416438875","12747949875","29","73264080","1473","1442403","53638773000"
"508","2012-08-25","5","27","31","34","35","43","37","8","1599557860","12796462875","31","68798188","1596","1336306","54010391000"
"509","2012-09-01","12","25","29","35","42","43","24","5","2689076100","13445380500","34","65908728","1228","1824835","53390358000"
"510","2012-09-08","12","29","32","33","39","40","42","5","2644158150","13220790750","25","88138605","1319","1670558","53964992000"
"511","2012-09-15","3","7","14","23","26","42","24","6","2165579250","12993475500","37","58529169","1524","1420984","53970308000"
"512","2012-09-22","4","5","9","13","26","27","1","13","940094452","12221227875","52","39170603","1682","1210982","54017801000"
"513","2012-09-29","5","8","21","23","27","33","12","3","4589624750","13768874250","54","42496526","1626","1411324","58317548000"
"514","2012-10-06","1","15","20","26","35","42","9","3","4451055500","13353166500","36","61820216","1362","1634015","54452404000"
"515","2012-10-13","2","11","12","15","23","37","8","1","13200466875","13200466875","35","62859367","1450","1517296","55258935000"
"516","2012-10-20","2","8","23","41","43","44","30","11","1294190182","14236092000","32","74146313","1338","1773305","56385762000"
"517","2012-10-27","1","9","12","28","36","41","10","5","2659057725","13295288625","40","55397036","1493","1484181","54468223000"
"518","2012-11-03","14","23","30","32","34","38","6","6","2263804125","13582824750","34","66582475","1349","1678135","55321566000"
"519","2012-11-10","6","8","13","16","30","43","3","7","1950601393","13654209750","32","71115676","1357","1677010","55614206000"
"520","2012-11-17","4","22","27","28","38","40","1","6","2167205438","13003232625","37","58573120","1627","1332026","55003797000"
"521","2012-11-24","3","7","18","29","32","36","19","8","1693420922","13547367375","53","42601785","1612","1400679","56185373000"
"522","2012-12-01","4","5","13","14","37","41","11","6","2281623000","13689738000","39","58503154","1495","1526170","57053378000"
"523","2012-12-08","1","4","37","38","40","45","7","7","1780355840","12462490875","43","48304229","1557","1334029","53678449000"
"524","2012-12-15","10","11","29","38","41","45","21","4","3491695594","13966782375","36","64661030","1338","1739759","55662103000"
"525","2012-12-22","11","23","26","29","39","44","22","9","1501132375","13510191375","41","54919478","1543","1459300","55566007000"
"526","2012-12-29","7","14","17","20","35","39","31","9","1491031959","13419287625","49","45643836","1539","1453248","56527807000"
"527","2013-01-05","1","12","22","32","33","42","38","13","1032386366","13421022750","29","77132315","1967","1137183","56985634000"
"528","2013-01-12","5","17","25","31","39","40","10","11","1197889125","13176780375","86","25536397","1811","1212662","57548541000"
"529","2013-01-19","18","20","24","27","31","42","39","8","1749114797","13992918375","33","70671305","1502","1552699","57645779000"
"530","2013-01-26","16","23","27","29","33","41","22","11","1231656239","13548218625","40","56450911","1449","1558342","56241083000"
"531","2013-02-02","1","5","9","21","27","35","45","9","1521519750","13693677750","42","54339992","1618","1410557","57567064000"
"532","2013-02-09","16","17","23","24","29","44","3","7","2216896286","15518274000","26","99476116","1480","1747554","61687384000"
"533","2013-02-16","9","14","15","17","31","33","23","8","1785671579","14285372625","44","54111260","1517","1569477","59275357000"
"534","2013-02-23","10","24","26","29","37","38","32","1","14215763250","14215763250","55","43078071","1537","1541506","59227462000"
"535","2013-03-02","11","12","14","15","18","39","34","3","4935603000","14806809000","31","79606500","1512","1632144","60523884000"
"536","2013-03-09","7","8","18","32","37","43","12","11","1308523603","14393759625","40","59973999","1676","1431361","59763469000"
"537","2013-03-16","12","23","26","30","36","43","11","7","2104038911","14728272375","35","70134631","1444","1699940","59453323000"
"538","2013-03-23","6","10","18","31","32","34","11","3","4688021625","14064064875","48","48833559","1724","1359636","59233373000"
"539","2013-03-30","3","19","22","31","42","43","26","9","1621036667","14589330000","42","57894167","1519","1600761","59168870000"
"540","2013-04-06","3","12","13","15","34","36","14","7","1989365250","13925556750","26","89266390","1409","1647216","56739658000"
"541","2013-04-13","8","13","26","28","32","34","43","11","1269327171","13962598875","40","58177496","1444","1611565","57087047000"
"542","2013-04-20","5","6","19","26","41","45","34","6","2335152563","14010915375","26","89813561","1456","1603814","56949161000"
"543","2013-04-27","13","18","26","31","34","44","12","12","1112934844","13355218125","47","47358930","1968","1131032","56570245000"
"544","2013-05-04","5","17","21","25","36","44","10","13","1046388433","13603049625","47","48237765","1527","1484725","56056189000"
"545","2013-05-11","4","24","25","27","34","35","2","11","1198994353","13188937875","42","52337056","1497","1468375","55967171000"
"546","2013-05-18","8","17","20","27","37","43","6","30","405939950","12178198500","55","36903632","3110","652637","56713166000"
"547","2013-05-25","6","7","15","22","34","39","28","5","2838444450","14192222250","54","43803156","1548","1528018","57968466000"
"548","2013-06-01","1","12","13","21","32","45","14","8","1736871891","13894975125","46","50344113","1646","1406944","57771827000"
"549","2013-06-08","29","31","35","38","40","44","17","8","1760805047","14086440375","35","67078288","1487","1578844","56864611000"
"550","2013-06-15","1","7","14","20","34","37","41","11","1118679205","12305471250","58","35360550","2728","751801","56441770000"
"551","2013-06-22","3","6","20","24","27","44","25","1","13526973750","13526973750","32","70452989","1440","1565622","56989370000"
"552","2013-06-29","1","10","20","32","35","40","43","10","1330824225","13308242250","45","49289787","1808","1226793","57602386000"
"553","2013-07-06","2","7","17","28","29","39","37","6","2249631438","13497788625","52","43262144","1647","1365897","56487483000"
"554","2013-07-13","13","14","17","32","41","42","6","2","6813893625","13627787250","41","55397510","1484","1530525","56124466000"
"555","2013-07-20","11","17","21","24","26","36","12","8","1711027360","13688218875","46","49594996","1554","1468063","57273817000"
"556","2013-07-27","12","20","23","28","30","44","43","7","2005209161","14036464125","41","57058798","1411","1657981","57374791000"
"557","2013-08-03","4","20","26","28","35","40","31","7","1888069286","13216485000","43","51226687","1503","1465568","55086560000"
"558","2013-08-10","12","15","19","26","40","43","29","10","1315913663","13159136625","51","43003715","1408","1557663","54939001000"
"559","2013-08-17","11","12","25","32","44","45","23","7","1926145608","13483019250","42","53504045","1566","1434975","55733418000"
"560","2013-08-24","1","4","20","23","29","45","28","7","1976697215","13836880500","40","57653669","1476","1562431","56565298000"
"561","2013-08-31","5","7","18","37","42","45","20","5","2753712225","13768561125","41","55969761","1434","1600252","56638383000"
"562","2013-09-07","4","11","13","17","20","31","33","11","1166694614","12833640750","51","41940003","1789","1195607","56288212000"
"563","2013-09-14","5","10","16","17","31","32","21","7","1932735643","13529149500","38","59338375","1642","1373239","57320132000"
"564","2013-09-21","14","19","25","26","27","34","2","7","1934801143","13543608000","32","70539625","1649","1368871","58012468000"
"565","2013-09-28","4","10","18","27","40","45","38","8","1742064469","13936515750","39","59557760","1866","1244777","59556622000"
"566","2013-10-05","4","5","6","25","26","43","41","4","3508951032","14035804125","35","66837163","1555","1504374","57666611000"
"567","2013-10-12","1","10","15","16","32","41","28","6","2318659438","13911956625","53","43748292","1547","1498811","57439471000"
"568","2013-10-19","1","3","17","20","31","44","40","10","1305167550","13051675500","50","43505585","1845","1179014","57681628000"
"569","2013-10-26","3","6","13","23","24","35","1","4","3467925188","13871700750","36","64220837","1706","1355188","58441902000"
"570","2013-11-02","1","12","26","27","29","33","42","9","1527791625","13750124625","38","60307565","1573","1456890","57654279000"
"571","2013-11-09","11","18","21","26","38","43","29","7","1966538465","13765769250","33","69524088","1506","1523437","56493528000"
"572","2013-11-16","3","13","18","33","37","45","1","8","1668216188","13345729500","53","41967703","1734","1282750","56473602000"
"573","2013-11-23","2","4","20","34","35","43","14","8","1645691766","13165534125","50","43885114","1622","1352809","56092721000"
"574","2013-11-30","14","15","16","19","25","43","2","2","6965184938","13930369875","33","70355404","1259","1844106","55882933000"
"575","2013-12-07","2","8","20","30","33","34","6","8","1699267875","13594143000","45","50348678","1488","1522642","56330738000"
"576","2013-12-14","10","11","15","25","35","41","13","3","4321966000","12965898000","54","40018204","1561","1384359","54691148000"
"577","2013-12-21","16","17","22","31","34","37","33","3","4484438375","13453315125","42","53386172","1526","1469345","57010827000"
"578","2013-12-28","5","12","14","32","34","42","16","5","2796466575","13982332875","43","54195089","1615","1442966","58584741000"
"579","2014-01-04","5","7","20","22","37","42","39","11","1396068444","15356752884","46","55640409","1769","1446840","63532871000"
"580","2014-01-11","5","7","9","11","32","35","33","7","2028610500","14200273500","42","56350292","1665","1421449","60514216000"
"581","2014-01-18","3","5","14","20","42","44","33","8","1844554547","14756436376","39","63061694","1384","1777028","60257457000"
"582","2014-01-25","2","12","14","33","40","41","25","4","3560558719","14242234876","57","41643962","1631","1455369","59306953000"
"583","2014-02-01","8","17","27","33","40","44","24","11","1341848353","14760331883","51","48236379","1826","1347238","62675295000"
"584","2014-02-08","7","18","30","39","40","41","36","3","5033183250","15099549750","32","78643489","1464","1718984","61343856000"
"585","2014-02-15","6","7","10","16","38","41","4","9","1620546334","14584917006","45","54018212","1528","1590851","60253002000"
"586","2014-02-22","2","7","12","15","21","34","5","8","1778354344","14226834752","46","51546503","1570","1510280","59502096000"
"587","2014-03-01","14","21","29","31","32","37","17","3","4974577375","14923732125","43","57843923","1437","1730890","59715499000"
"588","2014-03-08","2","8","15","22","25","41","30","5","2889342075","14446710375","43","55995002","1676","1436626","59533101000"
"589","2014-03-15","6","8","28","33","38","39","22","7","2136877983","14958145881","42","59357722","1559","1599118","60643729000"
"590","2014-03-22","20","30","36","38","41","45","23","7","2185183983","15296287881","31","82238107","1370","1860863","60003131000"
"591","2014-03-29","8","13","14","30","38","39","5","5","2964676200","14823381000","38","65014829","1483","1665923","59373946000"
"592","2014-04-05","2","5","6","13","28","44","43","6","2356381688","14138290128","28","84156489","1406","1675948","58097477000"
"593","2014-04-12","9","10","13","24","33","38","28","9","1532833500","13795501500","62","37084682","1818","1264715","59368204000"
"594","2014-04-19","2","8","13","25","28","37","3","11","1255592796","13811520756","42","54807623","1750","1315383","57764442000"
"595","2014-04-26","8","24","28","35","38","40","5","8","1744525219","13956201752","54","43074697","1501","1549656","57797288000"
"596","2014-05-03","3","4","12","14","25","43","17","10","1328267663","13282676630","41","53994621","1651","1340872","56561071000"
"597","2014-05-10","8","10","23","24","35","43","37","13","1057920606","13752967878","46","49829594","1532","1496189","56832361000"
"598","2014-05-17","4","12","24","33","38","45","22","16","833998594","13343977504","50","44479925","2053","1083291","57518550000"
"599","2014-05-24","5","12","17","29","34","35","27","8","1710918329","13687346632","43","53051732","1685","1353843","57381791000"
"600","2014-05-31","5","11","14","27","29","36","44","15","901798725","13526980875","41","54987728","1518","1485176","56372519000"
"601","2014-06-07","2","16","19","31","34","35","37","9","1524565209","13721086881","28","81673137","1516","1508475","55868455000"
"602","2014-06-14","13","14","22","27","30","38","2","8","1689530860","13516246880","42","53635901","1675","1344901","56262855000"
"603","2014-06-21","2","19","25","26","27","43","28","4","3452136563","13808546252","30","76714146","1363","1688500","56276650000"
"604","2014-06-28","2","6","18","21","33","34","30","11","1229141557","13520557127","36","62595172","1451","1553016","56266399000"
"605","2014-07-05","1","2","7","9","10","38","42","9","1394232250","12548090250","40","52283710","2286","914851","56622924000"
"606","2014-07-12","1","5","6","14","20","39","22","10","1311566850","13115668500","44","49680563","1542","1417604","56928896000"
"607","2014-07-19","8","14","23","36","38","39","13","4","3494480907","13977923628","35","66561542","1448","1608878","56806213000"
"608","2014-07-26","4","8","18","19","39","44","41","7","1943530018","13604710126","32","70857866","1516","1495681","56146117000"
"609","2014-08-02","4","8","27","34","39","40","13","2","6339311438","12678622876","47","44959656","1621","1303581","54858201000"
"610","2014-08-09","14","18","20","23","28","36","33","4","3516018375","14064073500","34","68941537","1398","1676690","56862756000"
"611","2014-08-16","2","22","27","33","36","37","14","4","3502706157","14010824628","47","49683776","1486","1571425","57411079000"
"612","2014-08-23","6","9","18","19","25","33","40","11","1181705250","12998757750","59","36719655","1833","1181921","56931314000"
"613","2014-08-30","7","8","11","16","41","44","35","9","1549831209","13948480881","30","77491561","1538","1511539","57986249000"
"614","2014-09-06","8","21","25","39","40","44","18","6","2540975438","15245852628","46","55238597","1523","1668402","62301977000"
"615","2014-09-13","10","17","18","19","23","27","35","9","1535062417","13815561753","31","74277214","1670","1378799","59072378000"
"616","2014-09-20","5","13","18","23","40","45","3","9","1611811250","14506301250","49","49341161","1700","1422187","60303360000"
"617","2014-09-27","4","5","11","12","24","27","28","8","1629701860","13037614880","43","50533391","1993","1090284","58958123000"
"618","2014-10-04","8","16","25","30","42","43","15","5","2881326225","14406631125","45","53357894","1581","1518726","58550803000"
"619","2014-10-11","6","8","13","30","35","40","21","3","4612479375","13837438125","59","39088809","1712","1347103","58822925000"
"620","2014-10-18","2","16","17","32","39","45","40","7","2028283233","14197982631","44","53780238","1661","1424643","58342777000"
"621","2014-10-25","1","2","6","16","19","42","9","6","2359723500","14158341000","62","38060057","1555","1517508","59407216000"
"622","2014-11-01","9","15","16","21","28","34","24","9","1630598292","14675384628","34","71938160","1629","1501472","59601329000"
"623","2014-11-08","7","13","30","39","41","45","25","8","1813702594","14509620752","35","69093433","1456","1660900","58504142000"
"624","2014-11-15","1","7","19","26","27","35","16","5","2763729450","13818647250","61","37755867","1574","1463220","57832726000"
"625","2014-11-22","3","6","7","20","21","39","13","5","2765184675","13825923375","45","51207124","1654","1393181","58614979000"
"626","2014-11-29","13","14","26","33","40","43","15","8","1717871110","13742968880","45","50899885","1766","1296996","58986187000"
"627","2014-12-06","2","9","22","25","31","45","12","10","1352230650","13522306500","35","64391936","1532","1471096","55981334000"
"628","2014-12-13","1","7","12","15","23","42","11","9","1499942875","13499485875","37","60808495","1628","1382012","57253109000"
"629","2014-12-20","19","28","31","38","43","44","1","5","2919433575","14597167875","34","71554745","1321","1841682","57618701000"
"630","2014-12-27","8","17","21","24","27","31","15","3","4836305500","14508916500","48","50378183","1631","1482620","61335894000"
"631","2015-01-03","1","2","4","23","31","34","8","4","3919853532","15679414128","46","56809472","1676","1559210","65300621000"
"632","2015-01-10","15","18","21","32","35","44","6","11","1432587716","15758464876","52","50507901","1645","1596603","63066603000"
"633","2015-01-17","9","12","19","20","39","41","13","12","1217257094","14607085128","47","51798175","1789","1360825","62015797000"
"634","2015-01-24","4","10","11","12","20","27","38","13","1077935106","14013156378","54","43250483","2208","1057757","63149567000"
"635","2015-01-31","11","13","25","26","29","33","32","8","1855587235","14844697880","35","70689038","1650","1499465","62429621000"
"636","2015-02-07","6","7","15","16","20","31","26","8","1832362219","14658897752","44","55526128","1973","1238292","62786394000"
"637","2015-02-14","3","16","22","37","38","44","23","4","3899241094","15596964376","45","57766535","1637","1587963","63504865000"
"638","2015-02-21","7","18","22","24","31","34","6","7","2229403179","15605822253","41","63438302","1719","1513072","64319586000"
"639","2015-02-28","6","15","22","23","25","32","40","4","4061185219","16244740876","45","60165707","1628","1663058","66202599000"
"640","2015-03-07","14","15","18","21","26","35","23","9","1728768834","15558919506","48","54024027","1639","1582156","64080502000"
"641","2015-03-14","11","18","21","36","37","43","12","8","1990074563","15920596504","50","53068655","1565","1695485","63773134000"
"642","2015-03-21","8","17","18","24","39","45","32","12","1251460438","15017525256","62","40369692","1815","1379020","63544224000"
"643","2015-03-28","15","24","31","32","33","40","13","6","2535763625","15214581750","43","58971248","1525","1662796","63110068000"
"644","2015-04-04","5","13","17","23","28","36","8","8","1831451204","14651609632","49","49835407","1879","1299593","61846599000"
"645","2015-04-11","1","4","16","26","40","41","31","4","3696297750","14785191000","28","88007090","1766","1395356","62661756000"
"646","2015-04-18","2","9","24","41","43","45","30","7","2215498393","15508488751","36","71798560","1522","1698258","62308090000"
"647","2015-04-25","5","16","21","23","24","30","29","7","2189725608","15328079256","44","58060907","1596","1600677","62314338000"
"648","2015-05-02","13","19","28","37","38","43","4","7","2120987947","14846915629","45","54988577","1631","1517159","60874405000"
"649","2015-05-09","3","21","22","33","41","42","20","5","2948042100","14740210500","45","54593373","1689","1454531","60473178000"
"650","2015-05-16","3","4","7","11","31","41","35","5","2849298900","14246494500","45","52764795","1814","1308940","60991082000"
"651","2015-05-23","11","12","16","26","29","44","18","8","1855306454","14842451632","35","70678342","1684","1468968","61494891000"
"652","2015-05-30","3","13","15","40","41","44","20","5","3003483525","15017417625","36","69525082","1504","1664165","60426977000"
"653","2015-06-06","5","6","26","27","38","39","1","14","980958670","13733421380","56","40873278","1997","1146172","59716037000"
"654","2015-06-13","16","21","26","31","36","43","6","8","1879301391","15034411128","69","36315003","1787","1402203","60697813000"
"655","2015-06-20","7","37","38","39","40","44","18","9","1661439625","14952956625","41","60784377","1610","1547926","60434801000"
"656","2015-06-27","3","7","14","16","31","40","39","2","7330002750","14660005500","48","50902797","1747","1398589","61328118000"
"657","2015-07-04","10","14","19","39","40","43","23","9","1694762792","15252865128","52","48887389","1562","1627494","61769837000"
"658","2015-07-11","8","19","25","28","32","36","37","9","1634031375","14706282375","38","64501239","1678","1460696","61131243000"
"659","2015-07-18","7","18","19","27","29","42","45","11","1336604216","14702646376","40","61261027","1765","1388352","61677747000"
"660","2015-07-25","4","9","23","33","39","44","14","10","1421272575","14212725750","48","49349743","1951","1214141","60813322000"
"661","2015-08-01","2","3","12","20","27","38","40","8","1713025547","13704204376","63","36254509","1830","1248107","59597375000"
"662","2015-08-08","5","6","9","11","15","37","26","8","1689733688","13517869504","43","52394844","1787","1260761","59164542000"
"663","2015-08-15","3","5","8","19","38","42","20","7","2080244143","14561709001","60","40449192","1627","1491673","61100704000"
"664","2015-08-22","10","20","33","36","41","44","5","10","1536801338","15368013380","44","58212172","1530","1674076","61921689000"
"665","2015-08-29","5","6","11","17","38","44","13","4","3643230375","14572921500","30","80960675","1790","1356883","61885874000"
"666","2015-09-05","2","4","6","11","17","28","16","6","2396901063","14381406378","47","50997895","1947","1231074","62652917000"
"667","2015-09-12","15","17","25","37","42","43","13","7","2228764393","15601350751","40","65005629","1543","1685176","63421632000"
"668","2015-09-19","12","14","15","24","27","32","3","5","2991158625","14955793125","56","44511290","1873","1330824","63346405000"
"669","2015-09-26","7","8","20","29","33","38","9","6","2708173188","16249039128","52","52080254","1949","1389520","67952211000"
"670","2015-10-03","11","18","26","27","40","41","25","12","1191725219","14300702628","39","61114114","2145","1111166","62242687000"
"671","2015-10-10","7","9","10","13","31","35","24","4","3722322844","14889291376","48","51698929","1778","1395697","63940807000"
"672","2015-10-17","8","21","28","31","36","45","43","9","1754745000","15792705000","46","57219946","1629","1615788","63542330000"
"673","2015-10-24","7","10","17","29","33","44","5","10","1491453300","14914533000","35","71021586","1864","1333560","63163578000"
"674","2015-10-31","9","10","14","25","27","31","11","8","1770565500","14164524000","48","49182375","1846","1278849","61386974000"
"675","2015-11-07","1","8","11","15","18","45","7","4","3514549032","14058196128","65","36046657","1806","1297361","60458623000"
"676","2015-11-14","1","8","17","34","39","45","27","8","1879726500","15037812000","63","39782572","1665","1505287","62147642000"
"677","2015-11-21","12","15","24","36","41","44","42","8","1921114407","15368915256","37","69229348","1701","1505871","62267624000"
"678","2015-11-28","4","5","6","12","25","37","45","6","2288490188","13730941128","41","55816834","1855","1233688","60887293000"
"679","2015-12-05","3","5","7","14","26","34","35","5","2863005600","14315028000","54","44182186","1829","1304450","62220918000"
"680","2015-12-12","4","10","19","29","32","42","30","14","1110570563","15547987882","44","58893894","1870","1385739","64245201000"
"681","2015-12-19","21","24","27","29","43","44","7","6","2696328938","16177973628","37","72873756","1441","1871152","63268253000"
"682","2015-12-26","17","23","27","35","38","43","2","4","4063713563","16254854252","56","48377543","1851","1463611","66757858000"
"683","2016-01-02","6","13","20","27","28","40","15","16","1010930883","16174894128","45","59907016","2704","996974","71940091000"
"684","2016-01-09","1","11","15","17","25","39","40","9","1688815709","15199341381","62","40858445","1968","1287208","66623887000"
"685","2016-01-16","6","7","12","28","38","40","18","11","1494367671","16438044381","52","52686040","1910","1434385","69126675000"
"686","2016-01-23","7","12","15","24","25","43","13","8","1937531719","15500253752","36","71760435","1863","1386676","65274010000"
"687","2016-01-30","1","8","10","13","28","42","45","6","2720029313","16320175878","38","71579719","1780","1528107","68044669000"
"688","2016-02-06","5","15","22","23","34","35","2","9","1967536750","17707830750","53","55685003","2107","1400715","73095612000"
"689","2016-02-13","7","17","19","30","36","38","34","7","2321775911","16252431377","44","61562241","1809","1497368","67460147000"
"690","2016-02-20","24","25","33","34","38","39","43","15","1126507625","16897614375","34","82831444","1772","1589317","69142025000"
"691","2016-02-27","15","27","33","35","43","45","16","6","2839296750","17035780500","31","91590218","1708","1662352","68590328000"
"692","2016-03-05","3","11","14","15","32","36","44","7","2301273697","16108915879","44","61018621","1770","1516848","66390499000"
"693","2016-03-12","1","6","11","28","34","42","30","10","1642763813","16427638130","43","63673016","1692","1618168","67352935000"
"694","2016-03-19","7","15","20","25","33","43","12","10","1555036388","15550363880","78","33227274","2286","1133739","67533257000"
"695","2016-03-26","4","18","26","33","34","38","14","11","1450214830","15952363130","66","40283746","1979","1343471","67672085000"
"696","2016-04-02","1","7","16","18","34","38","21","10","1632054413","16320544130","44","61820243","1721","1580530","67542971000"
"697","2016-04-09","2","5","8","11","33","39","31","10","1531443038","15314430380","90","28360057","1940","1315673","66966141000"
"698","2016-04-16","3","11","13","21","33","37","18","8","1921084125","15368673000","48","53363448","2088","1226746","66283268000"
"699","2016-04-23","4","5","8","16","21","29","3","8","1995411375","15963291000","50","53210970","1799","1478905","66743146000"
"700","2016-04-30","11","23","28","29","30","44","13","8","2082099188","16656793504","41","67710543","1562","1777294","66846276000"
"701","2016-05-07","3","10","14","16","36","38","35","10","1583183175","15831831750","40","65965966","1659","1590500","64454138000"
"702","2016-05-14","3","13","16","24","26","29","9","11","1465091387","16116005257","46","58391324","1819","1476636","66219854000"
"703","2016-05-21","10","28","31","33","41","44","21","5","3235784100","16178920500","51","52872290","1719","1568637","65728988000"
"704","2016-05-28","1","4","8","23","33","42","45","4","3865190344","15460761376","47","54825395","1906","1351938","65930117000"
"705","2016-06-04","1","6","17","22","28","45","23","4","3987206532","15948826128","49","54247708","1805","1472653","65859843000"
"706","2016-06-11","3","4","6","10","28","30","37","4","3831746063","15326984252","51","50088184","2108","1211811","65723488000"
"707","2016-06-18","2","12","19","24","39","44","35","12","1322167313","15866007756","74","35734252","2006","1318213","66813924000"
"708","2016-06-25","2","10","16","19","34","45","1","4","4099552219","16398208876","52","52558362","1712","1596399","66806307000"
"709","2016-07-02","10","18","30","36","39","44","32","14","1165271625","16313802750","44","61794708","1696","1603165","65592504000"
"710","2016-07-09","3","4","9","24","25","33","10","5","2895441150","14477205750","57","42331011","1990","1212497","65083972000"
"711","2016-07-16","11","15","24","35","37","45","42","7","2277413358","15941893506","44","60385961","1865","1424656","66152746000"
"712","2016-07-23","17","20","30","31","33","45","19","4","4034485125","16137940500","47","57226740","1727","1557416","66136318000"
"713","2016-07-30","2","5","15","18","19","23","44","9","1714720917","15432488253","50","51441628","1791","1436115","64646552000"
"714","2016-08-06","1","7","22","33","37","40","20","7","2085131733","14595922131","46","52883776","2029","1198943","64099989000"
"715","2016-08-13","2","7","27","33","41","44","10","6","2605510438","15633062628","61","42713286","1873","1391090","65794607000"
"716","2016-08-20","2","6","13","16","29","30","21","12","1358752157","16305025884","35","77642981","1743","1559096","67040169000"
"717","2016-08-27","2","11","19","25","28","32","44","6","2702433688","16214602128","47","57498590","1974","1369015","68597839000"
"718","2016-09-03","4","11","20","23","32","39","40","17","926166464","15744829888","64","41002162","2404","1091572","69400763000"
"719","2016-09-10","4","8","13","19","20","43","26","9","1879581334","16916232006","58","48609863","2020","1395729","71378392000"
"720","2016-09-17","1","12","29","34","36","37","41","14","1233770358","17272785012","37","77805338","1778","1619122","69939090000"
"721","2016-09-24","1","28","35","41","43","44","31","8","2273767360","18190138880","40","75792246","1607","1886553","71627567000"
"722","2016-10-01","12","14","21","30","39","43","45","4","4365422719","17461690876","46","63266996","1688","1724101","69446489000"
"723","2016-10-08","20","30","33","35","36","44","22","8","2114365360","16914922880","40","70478846","1777","1586469","67750231000"
"724","2016-10-15","2","8","33","35","37","41","14","12","1427789813","17133477756","55","51919630","1833","1557873","69987274000"
"725","2016-10-22","6","7","19","21","41","43","38","11","1579217250","17371389750","47","61600673","1795","1612943","70208676000"
"726","2016-10-29","1","11","21","23","34","44","24","14","1166872634","16336216876","56","48619694","2099","1297143","68799295000"
"727","2016-11-05","7","8","10","19","21","31","20","14","1115107742","15611508388","87","29907105","2064","1260620","67559139000"
"728","2016-11-12","3","6","10","30","34","37","36","5","3243464400","16217322000","56","48265840","1869","1446168","68306112000"
"729","2016-11-19","11","17","21","26","36","45","16","4","4198250719","16793002876","35","79966681","1875","1492712","68784161000"
"730","2016-11-26","4","10","14","15","18","22","39","8","2017382110","16139056880","45","59774285","1741","1544999","66934105000"
"731","2016-12-03","2","7","13","25","42","45","39","7","2340471054","16383297378","45","60678880","1908","1431106","69239673000"
"732","2016-12-10","2","4","5","17","27","32","43","7","2203270608","15422894256","45","57121831","2061","1247202","68645948000"
"733","2016-12-17","11","24","32","33","35","40","13","4","4016725125","16066900500","57","46979242","1966","1362064","69321488000"
"734","2016-12-24","6","16","37","38","41","45","18","9","1949395500","17544559500","36","81224813","1758","1663307","71457582000"
"735","2016-12-31","5","10","13","27","37","41","4","10","1847231588","18472315880","50","61574387","2269","1356862","77488209000"
"736","2017-01-07","2","11","17","18","21","27","6","5","3397362225","16986811125","54","52428430","2250","1258283","73510203000"
"737","2017-01-14","13","15","18","24","27","41","11","4","4283061000","17132244000","48","59486959","1937","1474122","70775944000"
"738","2017-01-21","23","27","28","38","42","43","36","11","1634191091","17976102001","48","62417021","1640","1826840","71768122000"
"739","2017-01-28","7","22","29","33","34","35","30","4","4744122282","18976489128","45","70283294","1942","1628604","77999661000"
"740","2017-02-04","4","8","9","16","17","19","31","18","936929792","16864736256","43","65367195","2447","1148668","75186520000"
"741","2017-02-11","5","21","27","34","44","45","16","6","3043595938","18261575628","55","55338108","1829","1664077","74392585000"
"742","2017-02-18","8","10","13","36","37","40","6","16","1111814813","17789037008","44","67382716","1986","1492870","73857792000"
"743","2017-02-25","15","19","21","34","41","44","10","7","2608641000","18260487000","46","66161185","1982","1535527","73436852000"
"744","2017-03-04","10","15","18","21","34","41","43","15","1155411575","17331173625","61","47352934","2779","1039414","73507293000"
"745","2017-03-11","1","2","3","9","12","23","10","20","746822982","14936459640","110","22631000","3692","674272","73575119000"
"746","2017-03-18","3","12","33","36","42","45","25","9","2038623709","18347613381","58","52723027","1904","1606059","74239579000"
"747","2017-03-25","7","9","12","14","23","28","17","9","1903214584","17128931256","59","48386812","2217","1287696","73337880000"
"748","2017-04-01","3","10","13","22","31","32","29","9","1928246542","17354218878","59","49023218","1937","1493222","72750277000"
"749","2017-04-08","12","14","24","26","34","45","41","13","1350104395","17551357135","64","45706660","1985","1473666","72252889000"
"750","2017-04-15","1","2","15","19","24","36","12","7","2522104286","17654730002","44","66873978","1779","1653994","72248100000"
"751","2017-04-22","3","4","16","20","28","44","17","8","2097968110","16783744880","69","40540447","2210","1265743","71534233000"
"752","2017-04-29","4","16","20","33","40","43","7","9","1870358834","16833229506","75","37407177","2036","1377966","71600822000"
"753","2017-05-06","2","17","19","24","37","41","3","6","2711105063","16266630378","58","46743191","1934","1401813","68915001000"
"754","2017-05-13","2","8","17","24","29","31","32","5","3427542000","17137710000","50","57125700","1856","1538947","70765850000"
"755","2017-05-20","13","14","26","28","30","36","37","8","2214427266","17715418128","54","54677217","1845","1600309","71300635000"
"756","2017-05-27","10","14","16","18","27","28","4","5","3414434700","17072173500","53","53686081","1866","1524846","70992946000"
"757","2017-06-03","6","7","11","17","33","44","1","21","739839858","15536637018","68","38079993","2657","974573","71053002000"
"758","2017-06-10","5","9","12","30","39","43","24","8","2078969954","16631759632","63","43999365","2170","1277401","71764259000"
"759","2017-06-17","9","33","36","40","42","43","32","6","3032670500","18196023000","44","68924330","1761","1722130","72632208000"
"760","2017-06-24","10","22","27","31","42","43","12","8","2253299391","18026395128","45","66764427","1749","1717782","72200797000"
"761","2017-07-01","4","7","11","24","42","45","30","7","2392730518","16749113626","52","53683057","2139","1305058","71415903000"
"762","2017-07-08","1","3","12","21","26","41","16","10","1631432063","16314320630","53","51302896","2044","1330261","70558895000"
"763","2017-07-15","3","8","16","32","34","43","10","8","2138130000","17105040000","45","63352000","2019","1412006","70652100000"
"764","2017-07-22","7","22","24","31","34","36","15","7","2459975465","17219828255","44","65226623","1908","1504178","70318932000"
"765","2017-07-29","1","3","8","12","42","43","33","15","1109214250","16638213750","54","51352512","2121","1307419","70972360000"
"766","2017-08-05","9","30","34","35","39","41","21","8","2173637297","17389098376","41","70687392","1734","1671386","69500769000"
"767","2017-08-12","5","15","20","31","34","42","22","15","1163768725","17456530875","46","63248301","1905","1527256","71285599000"
"768","2017-08-19","7","27","29","30","38","44","4","13","1363572260","17726439380","53","55743521","1849","1597841","72306975000"
"769","2017-08-26","5","7","11","16","41","45","4","9","1930760042","17376840378","55","52657093","1962","1476117","72873431000"
"770","2017-09-02","1","9","12","23","39","43","34","8","2163099329","17304794632","75","38455100","2302","1252882","74166379000"
"771","2017-09-09","6","10","17","18","21","29","30","4","4362644907","17450579628","49","59355714","2054","1415984","73545939000"
"772","2017-09-16","5","6","11","14","21","41","32","10","1769608838","17696088380","53","55648077","2027","1455032","74375369000"
"773","2017-09-23","8","12","19","21","31","35","44","11","1609403080","17703433880","58","50871937","2094","1409061","74560597000"
"774","2017-09-30","12","15","18","28","34","42","9","11","1709721512","18806936632","60","52241491","1956","1602500","77347021000"
"775","2017-10-07","11","12","29","33","38","42","17","5","3470437650","17352188250","37","78163011","1719","1682392","70795452000"
"776","2017-10-14","8","9","18","21","28","40","20","7","2557579393","17903055751","50","59676853","2001","1491176","74826082000"
"777","2017-10-21","6","12","17","21","34","37","18","21","833468036","17502828756","66","44199063","2413","1208926","75534360000"
"778","2017-10-28","6","21","35","36","37","41","11","3","6264069500","18792208500","67","46746788","1731","1809379","75075606000"
"779","2017-11-04","6","12","19","24","34","41","4","11","1527709296","16804802256","66","42436370","2503","1118978","73773676000"
"780","2017-11-11","15","17","19","21","27","45","16","11","1667520137","18342721507","45","67936006","1681","1818632","74232084000"
"781","2017-11-18","11","16","18","19","24","39","43","9","1882891542","16946023878","52","54314180","1967","1435861","72483157000"
"782","2017-11-25","6","18","31","34","38","45","20","9","1946487625","17518388625","49","59586356","2047","1426347","72253973000"
"783","2017-12-02","14","15","16","17","38","45","36","4","4603964625","18415858500","36","85258605","1869","1642221","73525256000"
"784","2017-12-09","3","10","23","24","31","39","22","9","1908678000","17178102000","51","56137589","2257","1268506","74311382000"
"785","2017-12-16","4","6","15","25","26","33","40","6","2886622688","17319736128","55","52484049","1972","1463805","72974563000"
"786","2017-12-23","12","15","16","20","24","30","38","4","4551365250","18205461000","96","31606704","2064","1470080","75930156000"
"787","2017-12-30","5","6","13","16","27","28","9","6","3092108313","18552649878","51","60629575","2339","1321979","79593923000"
"788","2018-01-06","2","10","11","19","35","39","29","13","1401475154","18219177002","70","43378993","2257","1345384","78121882000"
"789","2018-01-13","2","6","7","12","19","45","38","15","1140976825","17114652375","70","40749173","2437","1170473","76136603000"
"790","2018-01-20","3","8","19","27","30","41","12","16","1160516274","18568260384","59","52452713","2417","1280394","78978881000"
"791","2018-01-27","2","10","12","31","33","42","32","14","1253081893","17543146502","38","76943625","2410","1213219","74205844000"
"792","2018-02-03","2","7","19","25","29","36","16","7","2655736768","18590157376","65","47667071","1958","1582411","76339003000"
"793","2018-02-10","10","15","21","35","38","43","31","5","3750146775","18750733875","61","51231514","2043","1529674","76177477000"
"794","2018-02-17","6","7","18","19","30","38","13","7","2650940304","18556582128","45","68728082","2607","1186331","79941579000"
"795","2018-02-24","3","10","13","26","34","38","36","11","1714977000","18864747000","62","50711686","2423","1297617","79661342000"
"796","2018-03-03","1","21","26","36","40","41","5","7","2763490340","19344432380","46","70088524","1921","1678331","77685943000"
"797","2018-03-10","5","22","31","32","39","45","36","8","2397028125","19176225000","34","94001103","1868","1710941","77339940000"
"798","2018-03-17","2","10","14","22","32","36","41","7","2710791911","18975543377","60","52709843","2124","1488979","77038759000"
"799","2018-03-24","12","17","23","34","42","45","33","10","1826427225","18264272250","56","54357954","2242","1357737","76708986000"
"800","2018-03-31","1","4","10","12","28","45","26","11","1632246205","17954708255","51","58675518","2179","1373315","76994062000"
"801","2018-04-07","17","25","28","37","43","44","2","8","2256786657","18054293256","51","59000959","1999","1505278","74034792000"
"802","2018-04-14","10","11","12","18","24","42","27","16","1082947993","17327167888","67","43102408","2207","1308501","75146781000"
"803","2018-04-21","5","9","14","26","30","43","2","5","3663810225","18319051125","50","61063504","2094","1458059","75670793000"
"804","2018-04-28","1","10","13","26","32","36","9","11","1631996523","17951961753","49","61061095","2048","1460935","74557028000"
"805","2018-05-05","3","12","13","18","31","32","42","4","4266061969","17064247876","53","53661157","2075","1370623","73065981000"
"806","2018-05-12","14","20","23","31","37","38","27","7","2640760875","18485326125","57","54050662","1850","1665345","74030583000"
"807","2018-05-19","6","10","18","25","34","35","33","7","2437662322","17063636254","59","48202363","2319","1226365","73831580000"
"808","2018-05-26","15","21","31","32","41","43","24","6","3087620500","18525723000","46","67122185","1962","1573711","74911438000"
"809","2018-06-02","6","11","15","17","23","40","39","6","2921372750","17528236500","56","52167371","2179","1340695","74214104000"
"810","2018-06-09","5","10","13","21","39","43","11","8","2231598047","17852784376","64","46491626","2053","1449325","74388355000"
"811","2018-06-16","8","11","19","21","36","45","25","7","2524148197","17669037379","49","60098767","2151","1369057","74570813000"
"812","2018-06-23","1","3","12","14","16","43","10","6","2947954750","17687728500","68","43352276","1976","1491880","74147816000"
"813","2018-06-30","11","30","34","35","42","44","27","4","4591763157","18367052628","43","71190127","1800","1700654","73394947000"
"814","2018-07-07","2","21","28","38","42","45","30","6","3067192063","18403152378","52","58984463","1833","1673319","74316543000"
"815","2018-07-14","17","21","25","26","27","36","4","7","2579855358","18058987506","39","77175161","1703","1767371","73416400000"
"816","2018-07-21","12","18","19","29","31","39","7","8","2128107938","17024863504","67","42350407","2064","1374747","72397826000"
"817","2018-07-28","3","9","12","13","25","43","34","9","1868477334","16816296006","54","51902149","2068","1355279","72552766000"
"818","2018-08-04","14","15","25","28","29","30","3","13","1380804318","17950456134","39","76711351","1845","1621541","71793353000"
"819","2018-08-11","16","25","33","38","40","45","15","7","2594534840","18161743880","49","61774640","1981","1527995","74578907000"
"820","2018-08-18","10","21","22","30","35","42","6","4","4627313532","18509254128","60","51414595","1987","1552530","75744571000"
"821","2018-08-25","1","12","13","24","29","44","16","14","1316155956","18426183384","55","55836920","2100","1462396","76118239000"
"822","2018-09-01","9","18","20","24","27","36","12","3","5930898625","17792695875","79","37537334","2153","1377357","75681739000"
"823","2018-09-08","12","18","24","26","39","40","15","9","2009843917","18088595253","61","49422392","2348","1283972","77400124000"
"824","2018-09-15","7","9","24","29","34","38","26","15","1256646550","18849698250","51","61600322","2106","1491746","78257422000"
"825","2018-09-22","8","15","21","31","33","38","42","12","1658710563","19904526756","53","62592852","2249","1475065","82890578000"
"826","2018-09-29","13","16","24","25","33","36","42","9","2075192084","18676728756","47","66229535","2232","1394619","78218740000"
"827","2018-10-06","5","11","12","29","33","44","14","15","1206500375","18097505625","46","65570673","2113","1427474","76490125000"
"828","2018-10-13","4","7","13","29","31","39","18","13","1455185972","18917417636","62","50853274","1968","1602085","77552827000"
"829","2018-10-20","4","5","31","35","43","45","29","8","2444650641","19557205128","45","72434094","1837","1774379","77998807000"
"830","2018-10-27","5","6","16","18","37","38","17","9","2060528750","18544758750","80","38634915","2142","1442948","77714000000"
"831","2018-11-03","3","10","16","19","31","39","9","16","1110702258","17771236128","61","48555290","2660","1113486","77622753000"
"832","2018-11-10","13","14","19","26","40","43","30","9","2088204584","18793841256","60","52205115","2137","1465750","77411900000"
"833","2018-11-17","12","18","30","39","41","42","19","8","2356317282","18850538256","53","59278423","1945","1615299","77738402000"
"834","2018-11-24","6","8","18","35","42","43","3","11","1690693671","18597630381","47","65949044","1967","1575804","75941791000"
"835","2018-12-01","9","10","13","28","38","45","35","15","1233681125","18505216875","58","53175911","2306","1337469","77694435000"
"836","2018-12-08","1","9","11","14","26","28","19","14","1257843670","17609811380","62","47338203","2230","1316130","74536697000"
"837","2018-12-15","2","25","28","30","33","45","6","6","3144449125","18866694750","47","66903173","2012","1562848","76614176000"
"838","2018-12-22","9","14","17","33","36","38","20","5","3813733050","19068665250","68","46736925","2220","1431582","79414484000"
"839","2018-12-29","3","9","11","12","13","19","35","13","1359454904","17672913752","48","61364284","2664","1105663","79219710000"
"840","2019-01-05","2","4","11","28","29","43","27","10","2042961788","20429617880","51","66763458","2275","1496676","84057771000"
"841","2019-01-12","5","11","14","30","33","38","24","17","1116095714","18973627138","88","35934900","2490","1269989","81580789000"
"842","2019-01-19","14","26","32","36","39","42","38","10","2035475025","20354750250","42","80772819","2039","1663786","81957444000"
"843","2019-01-26","19","21","30","33","34","42","4","5","4012970100","20064850500","52","64310419","2002","1670401","81857498000"
"844","2019-02-02","7","8","13","15","33","45","18","18","1162963542","20933343756","73","47793023","2406","1450080","87805610000"
"845","2019-02-09","1","16","29","33","40","45","6","11","1891217182","20803389002","56","61914849","2038","1701292","83884034000"
"846","2019-02-16","5","18","30","41","43","45","13","13","1596884395","20759497135","69","50143713","1997","1732557","83936839000"
"847","2019-02-23","12","16","26","28","30","42","22","8","2520846657","20166773256","40","84028222","2443","1375821","83782512000"
"848","2019-03-02","1","2","16","22","38","39","34","7","3011580858","21081066006","42","83655024","2109","1665961","84523266000"
"849","2019-03-09","5","13","17","29","34","39","3","17","1158252883","19690299011","56","58602081","2682","1223608","82333674000"
"850","2019-03-16","16","20","24","28","36","39","5","6","3377587875","20265527250","55","61410689","2023","1669594","81474176000"
"851","2019-03-23","14","18","22","26","31","44","40","8","2483692313","19869538504","70","47308425","2101","1576197","81099116000"
"852","2019-03-30","11","17","28","30","33","35","9","4","4801543407","19206173628","67","47776552","2328","1375013","81470793000"
"853","2019-04-06","2","8","23","26","27","44","13","7","2885006786","20195047502","90","37398237","2018","1667910","82244370000"
"854","2019-04-13","20","25","31","32","36","43","3","6","3421706750","20530240500","44","77766063","1865","1834696","81823338000"
"855","2019-04-20","8","15","17","19","43","44","7","9","2269510500","20425594500","61","55807636","2022","1683614","82374732000"
"856","2019-04-27","10","24","40","41","43","44","17","5","3977927550","19889637750","53","62546031","1949","1700842","80496424000"
"857","2019-05-04","6","10","16","28","34","38","43","15","1284915425","19273731375","62","51811106","2367","1357114","80933117000"
"858","2019-05-11","9","13","32","38","39","43","23","9","2202347459","19821127131","41","80573688","2075","1592059","81366889000"
"859","2019-05-18","8","22","35","38","39","41","24","11","1853927489","20393202379","51","66644453","1895","1793598","80944223000"
"860","2019-05-25","4","8","18","25","27","32","42","10","1879899825","18798998250","62","50534942","2339","1339533","81846672000"
"861","2019-06-01","11","17","19","21","22","25","24","4","4872108844","19488435376","65","49970348","2256","1439749","81032551000"
"862","2019-06-08","10","34","38","40","42","43","32","9","2190922709","19718304381","63","52164827","2042","1609395","80609005000"
"863","2019-06-15","16","21","28","35","39","43","12","7","2853357322","19973501254","64","52014327","2042","1630224","81288540000"
"864","2019-06-22","3","7","10","13","25","36","32","11","1716553637","18882090007","64","49172110","2467","1275645","82220290000"
"865","2019-06-29","3","15","22","32","33","45","2","13","1551729145","20172478885","52","64655382","2076","1619499","81748217000"
"866","2019-07-06","9","15","29","34","37","39","12","9","2240409000","20163681000","68","49420787","2035","1651408","81961886000"
"867","2019-07-13","14","17","19","22","24","40","41","5","3933755250","19668776250","57","57511042","2175","1507186","81607190000"
"868","2019-07-20","12","17","28","41","43","44","25","6","3233804250","19402825500","61","53013185","2152","1502698","80549078000"
"869","2019-07-27","2","6","20","27","37","39","4","10","1922582588","19225825880","56","57219720","2210","1449912","80268389000"
"870","2019-08-03","21","25","30","32","40","42","31","10","1928842988","19288429880","48","66973715","2033","1581279","78688663000"
"871","2019-08-10","2","6","12","26","30","34","38","7","2718071358","19026499506","61","51984972","2231","1421374","79527502000"
"872","2019-08-17","2","4","30","32","33","43","29","16","1262705579","20203289264","46","73200324","2018","1668591","81002518000"
"873","2019-08-24","3","5","12","13","33","39","38","10","1874553225","18745532250","68","45944932","2375","1315476","82375586000"
"874","2019-08-31","1","15","19","23","28","42","32","18","1117123917","20108230506","68","49284879","2240","1496149","82990138000"
"875","2019-09-07","19","22","30","34","39","44","36","14","1415946724","19823254136","33","100117446","2278","1450341","80635281000"
"876","2019-09-14","5","16","21","26","34","42","24","19","1090657856","20722499264","59","58538134","2427","1423054","85088368000"
"877","2019-09-21","5","17","18","22","23","43","12","12","1716607188","20599286256","75","45776192","2167","1584317","84584730000"
"878","2019-09-28","2","6","11","16","25","31","3","6","3207993500","19247961000","69","46492660","2971","1079769","84183676000"
"879","2019-10-05","1","4","10","14","15","35","20","6","3206361313","19238167878","77","41641057","2594","1236069","83174251000"
"880","2019-10-12","7","17","19","23","24","45","38","7","2837810465","19864673255","52","63668825","2332","1419717","83862502000"
"881","2019-10-19","4","18","20","26","27","32","9","8","2503212282","20025698256","67","49815170","2189","1524722","84495552000"
"882","2019-10-26","18","34","39","43","44","45","23","5","4127270400","20636352000","44","78168000","2082","1651966","84351602000"
"883","2019-11-02","9","18","32","33","37","44","22","15","1360519525","20407792875","65","52327675","2538","1340150","85624171000"
"884","2019-11-09","4","14","23","28","37","45","17","12","1799077282","21588927384","74","48623711","2207","1630338","86554613000"
"885","2019-11-16","1","3","24","27","39","45","31","13","1543832568","20069823384","56","59731618","2279","1467737","83396319000"
"886","2019-11-23","19","23","28","37","42","45","2","7","2974643786","20822506502","59","58820640","2140","1621691","84186094000"
"887","2019-11-30","8","14","17","27","36","45","10","8","2535268688","20282149504","66","51217550","2388","1415561","84416872000"
"888","2019-12-07","3","7","12","31","34","38","32","8","2370359204","18962873632","59","53567440","2453","1288414","82777313000"
"889","2019-12-14","3","13","29","38","39","42","26","10","2108986950","21089869500","60","58582971","2338","1503413","86734222000"
"890","2019-12-21","1","4","14","18","29","37","6","9","2335486167","21019375503","58","60400505","2376","1474424","86693498000"
"891","2019-12-28","9","13","28","31","39","41","19","7","3082673947","21578717629","77","46707182","2443","1472147","89742677000"
"892","2020-01-04","4","9","17","18","26","42","36","17","1282017464","21794296888","78","46569011","2709","1340858","93091115000"
"893","2020-01-11","1","15","17","23","25","41","10","9","2377433625","21396902625","58","61485353","2113","1687720","87661567000"
"894","2020-01-18","19","32","37","40","41","43","45","9","2377935959","21401423631","56","63694714","2331","1530204","88465183000"
"895","2020-01-25","16","26","31","38","39","41","23","12","1928079219","23136950628","58","66485491","2750","1402240","96962255000"
"896","2020-02-01","5","12","25","26","38","45","23","7","3053222036","21372554252","46","77436791","2586","1377453","90461998000"
"897","2020-02-08","6","7","12","22","26","36","29","13","1619922520","21058992760","62","56610196","2398","1463650","88231474000"
"898","2020-02-15","18","21","28","35","37","42","17","8","2639313235","21114505880","56","62840792","3240","1086138","90067839000"
"899","2020-02-22","8","19","20","21","33","39","37","6","3359356063","20156136378","53","63384077","2402","1398567","85877347000"
"900","2020-02-29","7","13","16","18","35","38","14","6","3349851375","20099108250","51","65683361","2385","1404550","83639372000"
"901","2020-03-07","5","18","20","23","30","34","21","9","2267974667","20411772003","67","50775553","2308","1473987","84783962000"
"902","2020-03-14","7","19","23","24","36","39","30","13","1619317529","21051127877","67","52365990","2372","1479141","87501981000"
"903","2020-03-21","2","15","16","21","22","28","45","13","1684582212","21899568756","49","74488330","2316","1575963","88625160000"
"904","2020-03-28","2","6","8","26","43","45","11","8","2718077813","21744622504","92","39392433","2337","1550751","88938220000"
"905","2020-04-04","3","4","16","27","38","40","20","7","3017862536","21125037752","77","45725190","2643","1332138","90357634000"
"906","2020-04-11","2","5","14","28","31","32","20","9","2472607250","22253465250","63","58871602","2369","1565602","90948274000"
"907","2020-04-18","21","27","29","38","40","44","37","7","3165059036","22155413252","67","55112969","2300","1605465","89331282000"
"908","2020-04-25","3","16","21","22","23","44","30","8","2834856141","22678849128","57","66312425","2161","1749102","89923601000"
"909","2020-05-02","7","24","29","30","34","35","33","11","2021062875","22231691625","63","58814000","2316","1599863","89543261000"
"910","2020-05-09","1","11","17","27","35","39","31","21","941316375","19767643875","72","45758435","2694","1222943","86308857000"
"911","2020-05-16","4","5","12","14","32","42","35","10","2113538625","21135386250","58","60733869","2571","1370115","89332410000"
"912","2020-05-23","5","8","18","21","22","38","10","14","1493500581","20909008134","70","49783353","2547","1368212","88599155000"
"913","2020-05-30","6","14","16","21","27","37","40","16","1338755602","21420089632","66","54091136","2467","1447108","89336949000"
"914","2020-06-06","16","19","24","33","42","44","27","11","1950005557","21450061127","55","65000186","2585","1382983","89558503000"
"915","2020-06-13","2","6","11","13","22","37","14","6","3518640500","21111843000","63","55851437","2436","1444434","87862418000"
"916","2020-06-20","6","21","22","32","35","36","17","11","2025384341","22279227751","70","53045781","2184","1700186","89133044000"
"917","2020-06-27","1","3","23","24","27","43","34","10","2144799638","21447996380","47","76056725","2260","1581711","88950867000"
"918","2020-07-04","7","11","12","31","33","38","5","18","1117622646","20117207628","86","38986837","2718","1233580","89200857000"
"919","2020-07-11","9","14","17","18","42","44","35","5","4305150450","21525752250","56","64064739","2541","1411896","90218056000"
"920","2020-07-18","2","3","26","33","34","43","29","7","3120260197","21841821379","53","68684973","2348","1550385","89805177000"
"921","2020-07-25","5","7","12","22","28","41","1","17","1232573405","20953747885","72","48504047","2682","1302123","89888341000"
"922","2020-08-01","2","6","13","17","27","43","36","6","3417904500","20507427000","89","38403422","2876","1188423","89266682000"
"923","2020-08-08","3","17","18","23","36","41","26","8","2667554625","21340437000","56","63513206","2376","1496945","87867402000"
"924","2020-08-15","3","11","34","42","43","44","13","9","2382430667","21441876003","69","51791972","2198","1625863","87708256000"
"925","2020-08-22","13","24","32","34","39","42","4","12","1771080532","21252966384","68","52090604","2335","1516986","87901067000"
"926","2020-08-29","10","16","18","20","25","31","6","10","2032490663","20324906630","72","47048395","2923","1158907","88372251000"
"927","2020-09-05","4","15","22","38","41","43","26","6","3714203875","22285223250","63","58955618","2331","1593396","91067752000"
"928","2020-09-12","3","4","10","20","28","44","30","7","3134591358","21942139506","81","45148436","2639","1385761","90818982000"
"929","2020-09-19","7","9","12","15","19","23","4","16","1308035157","20928562512","91","38330701","3028","1151947","92344620000"
"930","2020-09-26","8","21","25","38","39","44","28","8","2832418829","22659350632","55","68664699","2776","1360432","94518415000"
"931","2020-10-03","14","15","23","25","35","43","32","8","2957108063","23656864504","54","73015014","2596","1518803","95695802000"
"932","2020-10-10","1","6","15","36","37","38","5","7","3390022983","23730160881","64","61797294","2420","1634309","96049289000"
"933","2020-10-17","23","27","29","31","36","45","37","8","2927797079","23422376632","63","61963960","2215","1762407","93484851000"
"934","2020-10-24","1","3","30","33","36","39","12","4","5765772844","23063091376","66","58240130","2359","1629440","93028347000"
"935","2020-10-31","4","10","20","32","38","44","18","13","1711055424","22243720512","120","30894057","2933","1263992","93934898000"
"936","2020-11-07","7","11","13","17","18","29","43","14","1492069179","20888968506","77","45214218","2864","1215606","92246146000"
"937","2020-11-14","2","10","13","22","29","40","26","11","2058420819","22642629009","57","66206518","2480","1521683","93720454000"
"938","2020-11-21","4","8","10","16","31","36","9","10","2249466563","22494665630","64","58579859","2531","1481277","93452425000"
"939","2020-11-28","4","11","28","39","42","45","6","13","1708363039","22208719507","67","55245571","2682","1380110","93340002000"
"940","2020-12-05","3","15","20","22","24","41","11","8","2846071079","22768568632","51","74407088","2329","1629353","93920183000"
"941","2020-12-12","12","14","25","27","39","40","35","16","1347297422","21556758752","87","41296473","3275","1097037","94867600000"
"942","2020-12-19","10","12","18","35","42","43","39","6","3761680313","22570081878","52","72340007","2473","1521101","92731965000"
"943","2020-12-26","1","8","13","36","44","45","39","7","3435045108","24045315756","74","54156117","2722","1472283","100081432000"
"944","2021-01-02","2","13","16","19","32","33","42","13","1961836356","25503872628","79","53805639","3057","1390464","107181377000"
"945","2021-01-09","9","10","15","30","33","37","26","13","1765554491","22952208383","71","53878424","2490","1536293","94837109000"
"946","2021-01-16","9","18","19","30","34","40","20","11","2157656182","23734218002","71","55714127","2949","1341371","99380178000"
"947","2021-01-23","3","8","17","20","27","35","26","18","1275855750","22965403500","58","65992539","3182","1202881","99449916000"
"948","2021-01-30","13","18","30","31","38","41","5","11","2188548716","24074035876","90","44581548","2905","1381184","100519459000"
"949","2021-02-06","14","21","35","36","40","44","30","10","2458569713","24585697130","65","63040250","2594","1579652","100518909000"
"950","2021-02-13","3","4","15","22","28","40","10","8","3281920500","26255364000","67","65311851","2886","1516249","108870714000"
"951","2021-02-20","2","12","30","31","39","43","38","14","1747552661","24465737254","72","56633652","2907","1402692","102937006000"
"952","2021-02-27","4","12","22","24","33","41","38","9","2713699834","24423298506","93","43769353","3039","1339438","102355646000"
"953","2021-03-06","7","9","22","27","37","42","34","14","1640636009","22968904126","102","37530890","3273","1169616","99180891000"
"954","2021-03-13","1","9","26","28","30","41","32","10","2478795900","24787959000","64","64551977","2657","1554884","101455314000"
"955","2021-03-20","4","9","23","26","29","33","8","12","2023170188","24278042256","71","56990710","2650","1526921","99784736000"
"956","2021-03-27","10","11","20","21","25","41","40","11","2022982671","22252809381","136","27270600","3053","1214806","97065255000"
"957","2021-04-03","4","15","24","35","36","40","1","11","2126634137","23392975507","61","63915234","2835","1375249","96654698000"
"958","2021-04-10","2","9","10","16","35","37","1","15","1596119675","23941795125","67","59556705","2470","1615506","98635947000"
"959","2021-04-17","1","14","15","24","40","41","35","8","3015312891","24122503128","75","53605563","2502","1606882","97435835000"
"960","2021-04-24","2","18","24","30","32","45","14","10","2401133213","24011332130","56","71462298","2569","1557762","98784879000"
"961","2021-05-01","11","20","29","31","33","42","43","9","2575231209","23177080881","73","52915710","2716","1422256","97153309000"
"962","2021-05-08","1","18","28","31","34","43","40","12","1940906094","23290873128","73","53175510","2581","1503996","95956365000"
"963","2021-05-15","6","12","19","23","34","42","35","15","1476478125","22147171875","68","54282285","3137","1176665","95452215000"
"964","2021-05-22","6","21","36","38","39","43","30","10","2345861063","23458610630","52","75187855","2447","1597781","95549895000"
"965","2021-05-29","2","13","25","28","29","36","34","7","3403348929","23823442503","46","86316821","2389","1662024","96174650000"
"966","2021-06-05","1","21","25","29","34","37","36","10","2411303513","24113035130","50","80376784","2352","1708691","95640447000"
"967","2021-06-12","1","6","13","37","38","40","9","4","5809776094","23239104376","69","56133103","2475","1564923","94515565000"
"968","2021-06-19","2","5","12","14","24","39","33","13","1667729683","21680485879","97","37251694","3116","1159633","95924229000"
"969","2021-06-26","3","9","10","29","40","45","7","20","1149427894","22988557880","56","68418328","2633","1455157","96728751000"
"970","2021-07-03","9","11","16","21","28","36","5","14","1611544045","22561616630","87","43221488","2479","1516850","93268371000"
"971","2021-07-10","2","6","17","18","21","26","7","6","3725880250","22355281500","62","60094843","2685","1387665","94471924000"
"972","2021-07-17","3","6","17","23","37","39","26","20","1124886244","22497724880","80","46870261","2570","1458997","93916813000"
"973","2021-07-24","22","26","31","37","41","42","24","8","2912742750","23301942000","42","92468024","2257","1720717","93953872000"
"974","2021-07-31","1","2","11","16","39","44","32","17","1317034523","22389586891","66","56539361","2636","1415629","94146055000"
"975","2021-08-07","7","8","9","17","22","24","5","9","2440410375","21963693375","61","60010092","2828","1294419","94253719000"
"976","2021-08-14","4","12","14","25","35","37","2","7","3243867215","22707070505","69","54847997","3085","1226747","97492178000"
"977","2021-08-21","2","9","10","14","22","44","16","14","1669905911","23378682754","82","47517648","2474","1574959","95895844000"
"978","2021-08-28","1","7","15","32","34","42","8","10","2373391388","23733913880","70","56509319","2826","1399736","98855197000"
"979","2021-09-04","7","11","16","21","27","33","24","14","1606400518","22489607252","79","47446429","3414","1097911","99507886000"
"980","2021-09-11","3","13","16","23","24","35","14","7","3409443215","23866102505","70","56824054","2819","1411027","99593380000"
"981","2021-09-18","27","36","37","41","43","45","32","13","1992863193","25907221509","65","66428774","2824","1528991","105645424000"
"982","2021-09-25","5","7","13","20","21","44","33","8","3023630672","24189045376","81","49771699","2931","1375472","101344251000"
"983","2021-10-02","13","23","26","31","35","43","15","10","2503422225","25034222250","78","53491928","2640","1580444","101899006000"
"984","2021-10-09","3","10","23","35","36","37","18","7","3453006268","24171043876","64","62945427","2596","1551814","98762367000"
"985","2021-10-16","17","21","23","30","34","44","19","10","2434752975","24347529750","62","65450349","2581","1572229","98811446000"
"986","2021-10-23","7","10","16","28","41","42","40","10","2375275125","23752751250","70","56554170","2793","1417398","99041240000"
"987","2021-10-30","2","4","15","23","29","38","7","10","2378711625","23787116250","73","54308485","2968","1335755","100269530000"
"988","2021-11-06","2","13","20","30","31","41","27","9","2678489375","24106404375","61","65864493","2663","1508725","98606195000"
"989","2021-11-13","17","18","21","27","29","33","26","4","5826768563","23307074252","63","61658927","2444","1589408","96525658000"
"990","2021-11-20","2","4","25","26","36","37","28","14","1740095277","24361333878","56","72503970","2858","1420652","99567047000"
"991","2021-11-27","13","18","25","31","33","44","38","8","2904166032","23233328256","110","35202013","2969","1304218","98026282000"
"992","2021-12-04","12","20","26","33","44","45","24","12","1986955563","23843466756","58","68515710","2373","1674636","97066498000"
"993","2021-12-11","6","14","16","18","24","42","44","6","3991197063","23947182378","70","57017101","2732","1460907","99323653000"
"994","2021-12-18","1","3","8","24","27","35","28","12","1861582063","22338984756","70","53188059","2803","1328279","95530936000"
"995","2021-12-25","1","4","13","29","38","39","7","7","3447271875","24130903125","69","58287206","2793","1439964","100878455000"
"996","2022-01-01","6","11","15","24","32","39","28","18","1491185771","26841343878","86","52018109","3313","1350305","112624327000"
"997","2022-01-08","4","7","14","16","24","44","20","19","1253749560","23821241640","85","46708317","3692","1075354","102431961000"
"998","2022-01-15","13","17","18","20","42","45","41","12","2076499657","24917995884","53","78358478","2648","1568354","101681869000"
"999","2022-01-22","1","3","9","14","18","28","34","16","1513274790","24212396640","67","60229843","2943","1371186","102581351000"
"1000","2022-01-29","2","8","19","22","32","42","39","22","1246819620","27430031640","109","41941945","4018","1137798","118628811000"
"1001","2022-02-05","6","10","12","14","20","42","15","12","2077279594","24927355128","66","62947867","2761","1504730","103967487000"
"1002","2022-02-12","17","25","33","35","38","45","15","8","3088449563","24707596504","85","48446268","3193","1289676","105795484000"
"1003","2022-02-19","1","4","29","39","43","45","31","14","1811116822","25355635508","66","64029383","2649","1595297","103479378000"
"1004","2022-02-26","7","15","30","37","39","44","18","10","2576251913","25762519130","68","63143430","2785","1541743","106112471000"
"1005","2022-03-05","8","13","18","24","27","29","17","12","2061199344","24734392128","84","49076175","2798","1473338","103755249000"
"1006","2022-03-12","8","11","15","16","17","37","36","9","2855602125","25700419125","65","65898511","2487","1722318","104542431000"
"1007","2022-03-19","8","11","16","19","21","25","40","9","2718786375","24469077375","70","58259709","2844","1433960","101530003000"
"1008","2022-03-26","9","11","30","31","41","44","33","11","2267377910","24941157010","97","42854222","2826","1470935","103727042000"
"1009","2022-04-02","15","23","29","34","40","44","20","15","1702462825","25536942375","69","61683436","2632","1617081","103771363000"
"1010","2022-04-09","9","12","15","25","34","36","3","8","3119380079","24955040632","66","63017780","2781","1495568","103011505000"
"1011","2022-04-16","1","9","12","26","35","38","42","11","2220348512","24423833632","76","53561039","2818","1444514","101799373000"
"1012","2022-04-23","5","11","18","20","35","45","3","13","1861944318","24205276134","76","53081746","2882","1399797","101948323000"
"1013","2022-04-30","21","22","26","34","36","41","32","5","5047570725","25237853625","79","53244417","2586","1626570","101747653000"
"1014","2022-05-07","3","11","14","18","26","27","21","10","2410449338","24104493380","69","58223414","2849","1410115","102396369000"
"1015","2022-05-14","14","23","31","33","37","40","44","8","3051105610","24408844880","102","39883734","2880","1412549","102562683000"
"1016","2022-05-21","15","26","28","34","41","42","44","11","2260660671","24867267381","68","60949185","2686","1543018","101583153000"
"1017","2022-05-28","12","18","22","23","30","34","32","7","3517684822","24623793754","70","58628081","2596","1580881","101382790000"
"1018","2022-06-04","3","19","21","25","37","45","35","2","12361744688","24723489376","62","66460993","2693","1530109","101151805000"
"1019","2022-06-11","1","4","13","17","34","39","6","50","438565140","21928257000","75","48729460","5823","627634","102804882000"
"1020","2022-06-18","12","27","29","38","41","45","6","13","1966431520","25563609760","77","55332489","2817","1512461","104996396000"
"1021","2022-06-25","12","15","17","24","29","45","16","12","2108962250","25307547000","56","75320081","2461","1713907","101960162000"
"1022","2022-07-02","5","6","11","29","42","45","28","5","4866468075","24332340375","63","64371271","2580","1571857","99233031000"
"1023","2022-07-09","10","14","16","18","29","35","25","9","2745677875","24711100875","72","57201623","2506","1643463","100399659000"
"1024","2022-07-16","9","18","20","22","38","44","10","8","3020323500","24162588000","63","63922191","2616","1539411","100081038000"
"1025","2022-07-23","8","9","20","25","29","33","7","4","6118853344","24475413376","69","59119356","2671","1527232","101318529000"
"1026","2022-07-30","5","12","13","31","32","41","34","15","1619118475","24286777125","76","53260477","2786","1452907","101556379000"
"1027","2022-08-06","14","16","27","35","39","45","5","10","2460504338","24605043380","83","49407718","2700","1518830","101195159000"
"1028","2022-08-13","5","7","12","13","18","35","23","20","1181235132","23624702640","91","43268687","2810","1401228","100613537000"
"1029","2022-08-20","12","30","32","37","39","41","24","10","2527848450","25278484500","62","67952916","2614","1611738","101336312000"
"1030","2022-08-27","2","5","11","17","24","29","9","19","1276406507","24251723633","104","38864942","3278","1233055","104899923000"
"1031","2022-09-03","6","7","22","32","35","36","19","8","3213957563","25711660504","64","66957450","2789","1536493","104316078000"
"1032","2022-09-10","1","6","12","19","36","42","28","10","2675257538","26752575380","90","49541807","3078","1448591","110907011000"
"1033","2022-09-17","3","11","15","20","35","44","10","13","1913414943","24874394259","79","52477625","3083","1344708","104642258000"
"1034","2022-09-24","26","31","32","33","38","40","11","9","2868856209","25819705881","66","65201278","2898","1484916","107150089000"
"1035","2022-10-01","9","14","34","35","41","42","2","8","3231193735","25849549880","71","60679695","2848","1512732","106759523000"
"1036","2022-10-08","2","5","22","32","34","45","39","9","2837323167","25535908503","64","66499762","2593","1641337","103753936000"
"1037","2022-10-15","2","14","15","22","27","33","31","15","1708576825","25628652375","78","54762078","2713","1574435","104840173000"
"1038","2022-10-22","7","16","24","27","37","44","2","15","1627457225","24411858375","77","52839521","3364","1209466","104932409000"
"1039","2022-10-29","2","3","6","19","36","39","26","16","1585019672","25360314752","80","52833990","2773","1524241","105259066000"
"1040","2022-11-05","8","16","26","29","31","36","11","7","3660482625","25623378375","63","67786716","2583","1653335","104007239000"
"1041","2022-11-12","6","7","9","11","17","18","45","25","935091165","23377279125","85","45837803","3947","987133","105301601000"
"1042","2022-11-19","5","14","15","23","34","43","4","20","1240663669","24813273380","100","41355456","3567","1159391","106510259000"
"1043","2022-11-26","3","5","12","22","26","31","19","17","1468646956","24966998252","86","48385656","3156","1318494","107045942000"
"1044","2022-12-03","12","17","20","26","28","36","4","8","3136941235","25095529880","72","58091505","2597","1610547","102891973000"
"1045","2022-12-10","6","14","15","19","21","41","37","13","1990060443","25870785759","67","64355189","2699","1597554","105380282000"
"1046","2022-12-17","7","16","25","29","35","36","28","12","2011415719","24136988628","57","70575991","2959","1359524","100923993000"
"1047","2022-12-24","2","20","33","40","42","44","32","9","2748797875","24739180875","83","49677071","2728","1511436","103058179000"
"1048","2022-12-31","6","12","17","21","32","39","30","17","1612494508","27412406636","102","44791515","3817","1196944","117323901000"
"1049","2023-01-07","3","5","13","20","21","37","17","15","1727810100","25917151500","89","48533992","2968","1455366","108444724000"
"1050","2023-01-14","6","12","31","35","38","43","17","17","1535083280","26096415760","70","62134324","2866","1517587","108072602000"
"1051","2023-01-21","21","26","30","32","33","35","44","18","1669558480","30052052640","70","71552507","2824","1773611","119243907000"
"1052","2023-01-28","5","17","26","27","35","38","1","11","2341682762","25758510382","108","39750788","2926","1467220","107565461000"
"1053","2023-02-04","22","26","29","30","34","45","15","7","4090367411","28632571877","64","74563990","2702","1766135","113721665000"
"1054","2023-02-11","14","19","27","28","30","45","33","9","3147925709","28331331381","66","71543767","2714","1739827","113660567000"
"1055","2023-02-18","4","7","12","14","22","33","31","11","2362815205","25990967255","92","47085086","3413","1269215","112488256000"
"1056","2023-02-25","13","20","24","32","36","45","29","14","1969662456","27575274384","81","56739248","3223","1425964","113279615000"
"1057","2023-03-04","8","13","19","27","40","45","12","17","1616069714","27473185138","664","6895880","2962","1545870","112523887000"
"1058","2023-03-11","11","23","25","30","32","40","42","13","2058020250","26754263250","60","74317398","3074","1450568","112041382000"
"1059","2023-03-18","7","10","22","25","34","40","27","13","2033168481","26431190253","83","53074680","3127","1408762","110846824000"
"1060","2023-03-25","3","10","24","33","38","45","36","28","898238907","25150689396","96","43664392","4593","912646","110677185000"
"1061","2023-04-01","4","24","27","35","37","45","15","11","2422768773","26650456503","99","44866089","3003","1479102","109909344000"
"1062","2023-04-08","20","31","32","40","41","45","12","7","3801933804","26613536628","68","65229257","2668","1662515","107109911000"
"1063","2023-04-15","3","6","22","23","24","38","30","7","3770311875","26392183125","55","79976313","2706","1625535","108347135000"
"1064","2023-04-22","3","6","9","18","22","35","14","19","1348168106","25615194014","62","68858049","3296","1295267","109427584000"
"1065","2023-04-29","3","18","19","23","32","45","24","14","1852593938","25936315132","74","58415125","3117","1386821","108181727000"
"1066","2023-05-06","6","11","16","19","21","32","45","15","1670947250","25064208750","88","47470093","3323","1257108","106440950000"
"1067","2023-05-13","7","10","19","23","28","33","18","13","1981114010","25754482130","82","52346509","3679","1166734","110703299000"
"1068","2023-05-20","4","7","19","26","33","35","3","19","1363929514","25914660766","87","49644944","3114","1386998","108988932000"
"1069","2023-05-27","1","10","18","22","28","31","44","14","1863217554","26085045756","79","55031743","3006","1446277","108388892000"
"1070","2023-06-03","3","6","14","22","30","41","36","14","1859116929","26027637006","63","68856183","2938","1476495","107222802000"
"1071","2023-06-10","1","2","11","21","30","35","39","5","5183979750","25919898750","83","52047990","2891","1494287","107362630000"
"1072","2023-06-17","16","18","20","23","32","43","27","12","2175006375","26100076500","93","46774331","2872","1514629","108156654000"
"1073","2023-06-24","6","18","28","30","32","38","15","11","2345227603","25797503633","62","69348129","2994","1436067","107352123000"
"1074","2023-07-01","1","6","20","27","28","41","15","12","2134763657","25617163884","78","54737530","2711","1574891","105744157000"
"1075","2023-07-08","1","23","24","35","44","45","10","9","2896337167","26067034503","160","27153161","2750","1579821","105635232000"
"1076","2023-07-15","3","7","9","33","36","37","10","9","2672689750","24054207750","86","46616682","3109","1289494","103168694000"
"1077","2023-07-22","4","8","17","30","40","43","34","7","3570901018","24996307126","98","42510727","3235","1287806","105927489000"
"1078","2023-07-29","6","10","11","14","36","38","43","12","2141604938","25699259256","77","55626103","2691","1591680","105407618000"
"1079","2023-08-05","4","8","18","24","37","45","6","9","2712329417","24410964753","85","47864637","3212","1266655","103120206000"
"1080","2023-08-12","13","16","23","31","36","44","38","7","3639444429","25476111003","82","51780714","2720","1561037","104111986000"
"1081","2023-08-19","1","9","16","23","24","38","17","11","2343892944","25782822384","92","46708012","2923","1470112","106974323000"
"1082","2023-08-26","21","26","27","32","34","42","31","7","3720489643","26043427501","62","70009214","2768","1568126","107566880000"
"1083","2023-09-02","3","7","14","15","22","38","17","15","1713084525","25696267875","72","59482102","3274","1308098","108995141000"
"1084","2023-09-09","8","12","13","29","33","42","5","15","1738764600","26081469000","107","40625342","3003","1447523","109818924000"
"1085","2023-09-16","4","7","17","18","38","44","36","23","1073277473","24685381879","80","51427879","3471","1185316","106249975000"
"1086","2023-09-23","11","16","25","27","35","36","37","17","1515913809","25770534753","67","64105808","3270","1313483","109250306000"
"1087","2023-09-30","13","14","18","21","34","44","16","16","1732253602","27716057632","71","65061169","2989","1545448","113960897000"
"1088","2023-10-07","11","21","22","30","39","44","31","11","2434697898","26781676878","94","47485243","2991","1492348","109089305000"
"1089","2023-10-14","4","18","31","37","42","43","40","9","2978522167","26806699503","79","56554219","2825","1581517","108725932000"
"1090","2023-10-21","12","19","21","29","40","45","1","11","2386494614","26251440754","88","49718638","2931","1492747","108364862000"
"1091","2023-10-28","6","20","23","24","28","30","44","9","2898470459","26086234131","65","66887780","2873","1513299","109335581000"
"1092","2023-11-04","7","18","19","26","33","45","37","16","1583289844","25332637504","84","50263170","3327","1269044","108970510000"
"1093","2023-11-11","10","17","22","30","35","43","44","13","1967040750","25571529750","65","65568025","2928","1455575","105589036000"
"1094","2023-11-18","6","7","15","22","26","40","41","12","2112854469","25354253628","87","48571368","2725","1550719","104078823000"
"1095","2023-11-25","8","14","28","29","34","40","12","10","2617825575","26178255750","57","76544608","2584","1688484","106160572000"
"1096","2023-12-02","1","12","16","19","23","43","34","10","2539391175","25393911750","85","49791984","2924","1447442","105753078000"
"1097","2023-12-09","14","33","34","35","37","40","4","7","3864293090","27050051630","67","67288686","2631","1713547","108873101000"
"1098","2023-12-16","12","16","21","24","41","43","15","13","1930461895","25096004635","68","61509816","2840","1472771","103850339000"
"1099","2023-12-23","3","20","28","38","40","43","4","9","2959934125","26639407125","71","62533820","2701","1643800","107510729000"
"1100","2023-12-30","17","26","29","30","31","43","12","13","2207575472","28698481136","81","59050373","2869","1667160","116187023000"
"1101","2024-01-06","6","7","13","28","36","42","41","13","2100529500","27306883500","75","60681964","3363","1353300","114758876000"
"1102","2024-01-13","13","14","22","26","37","38","20","20","1383591413","27671828260","63","73205895","3042","1516099","113178102000"
"1103","2024-01-20","10","12","29","31","40","44","2","17","1574419633","26765133761","76","58695469","2909","1533468","110195070000"
"1104","2024-01-27","1","7","21","30","35","38","2","15","1817193100","27257896500","76","59776089","3000","1514328","112449384000"
"1105","2024-02-03","6","16","34","37","39","40","11","15","1834853800","27522807000","83","55266681","2898","1582863","113295292000"
"1106","2024-02-10","1","3","4","29","42","45","36","11","2790462819","30695091009","67","76355948","3374","1516257","126617296000"
"1107","2024-02-17","6","14","30","31","40","41","29","14","2025625233","28358753262","82","57639743","3357","1407942","117664962000"
"1108","2024-02-24","7","19","26","37","39","44","27","14","1957990849","27411871886","96","47590056","3227","1415757","114578905000"
"1109","2024-03-02","10","12","13","19","33","40","2","17","1584352875","26933998875","84","53440474","3347","1341202","117196327000"
"1110","2024-03-09","3","7","11","20","22","41","24","16","1647392719","26358283504","118","37229214","3654","1202258","115083786000"
"1111","2024-03-16","3","13","30","33","43","45","4","16","1714662540","27434600640","97","47138490","5096","897260","116382835000"
"1112","2024-03-23","16","20","26","36","42","44","24","10","2804455650","28044556500","59","79221912","3077","1519043","114216084000"
"1113","2024-03-30","11","13","20","21","32","44","8","14","1987426822","27823975508","57","81356654","2936","1579472","113342318000"
"1114","2024-04-06","10","16","19","32","33","38","3","17","1583813824","26924835008","88","50994006","3221","1393193","113597890000"
"1115","2024-04-13","7","12","23","32","34","36","8","12","2257278282","27087339384","60","75242610","3103","1454901","113939215000"
"1116","2024-04-20","15","16","17","25","30","31","32","10","2695000238","26950002380","114","39400589","2896","1550991","110862553000"
"1117","2024-04-27","3","4","9","30","33","36","7","9","3028385542","27255469878","94","48325302","3161","1437071","113895333000"
"1118","2024-05-04","11","13","14","15","16","45","3","19","1477445132","28071457508","72","64980226","3518","1329897","113727120000"
"1119","2024-05-11","1","9","12","13","20","45","3","19","1396028764","26524546516","97","45574823","3108","1422381","111840714000"
"1120","2024-05-18","2","19","26","31","38","41","34","11","2522163375","27743797125","91","50812816","3049","1516552","114804359000"
"1121","2024-05-25","6","24","31","32","38","44","8","11","2524513262","27769645882","76","60898347","2956","1565723","113898519000"
"1122","2024-06-01","3","6","21","30","34","35","22","11","2556266046","28118926506","99","47338261","2932","1598393","115540004000"
"1123","2024-06-08","13","19","21","24","34","35","26","16","1731310711","27700971376","77","59958813","2945","1567684","113142957000"
"1124","2024-06-15","3","8","17","30","33","34","28","10","2623327913","26233279130","87","50255324","3123","1400005","112014841000"
"1125","2024-06-22","6","14","25","33","40","44","30","12","2195289188","26343470256","78","56289467","3066","1432022","109407294000"
"1126","2024-06-29","4","5","9","11","37","40","7","11","2386382421","26250206631","91","48077302","3114","1404957","111998191000"
"1127","2024-07-06","10","15","24","30","31","37","32","12","2267891969","27214703628","84","53997428","3007","1508409","111571373000"
"1128","2024-07-13","1","5","8","16","28","33","45","63","419925560","26455310280","77","57262577","2987","1476137","111364194000"
"1129","2024-07-20","5","10","11","17","28","34","22","11","2369567660","26065244260","107","40600069","3142","1382625","110363498000"
"1130","2024-07-27","15","19","21","25","27","28","40","12","2263301219","27159614628","69","65602934","2900","1560898","109515089000"
"1131","2024-08-03","1","2","6","14","27","38","33","17","1542367898","26220254266","56","78036471","2861","1527453","109120798000"
"1132","2024-08-10","6","7","19","28","34","41","5","11","2404951807","26454469877","73","60398334","3086","1428736","110018123000"
"1133","2024-08-17","13","14","20","28","29","34","23","13","2105079491","27366033383","73","62479529","2737","1666426","111210839000"
"1134","2024-08-24","3","7","9","13","19","24","23","14","1755689384","24579651376","97","42233078","3961","1034236","111660087000"
"1135","2024-08-31","1","6","13","19","21","33","4","9","2953726125","26583535125","91","48687794","3417","1296632","113817137000"
"1136","2024-09-07","21","33","35","38","42","44","1","12","2314468157","27773617884","75","61719151","2906","1592890","113031911000"
"1137","2024-09-14","4","9","12","15","33","45","26","14","2023447688","28328267632","111","42534937","3323","1420818","119250007000"
"1138","2024-09-21","14","16","19","20","29","34","35","14","1902656786","26637195004","50","88790650","2865","1549576","109651510000"
"1139","2024-09-28","5","12","15","30","37","40","18","13","2167490972","28177382636","75","62616406","3240","1449454","117915887000"
"1140","2024-10-05","7","10","22","29","31","38","15","12","2279823938","27357887256","83","54935517","3345","1363124","115238556000"
"1141","2024-10-12","7","11","12","21","26","35","20","11","2457758285","27035341135","100","45058902","3371","1336663","115803173000"
"1142","2024-10-19","2","8","28","30","37","41","22","9","3117517709","28057659381","67","69795173","2841","1645997","114254355000"
"1143","2024-10-26","10","16","17","27","28","36","6","11","2545657023","28002227253","90","51855977","3154","1479721","116432896000"
"1144","2024-11-02","3","4","12","15","26","34","6","18","1489347375","26808252750","94","47532364","3626","1232224","116378514000"
"1145","2024-11-09","2","11","31","33","37","44","32","9","3051630084","27464670756","63","72657860","3312","1382079","116115162000"
"1146","2024-11-16","6","11","17","19","40","43","28","11","2526476353","27791239883","72","64331574","3030","1528672","116694743000"
"1147","2024-11-23","7","11","24","26","27","37","32","8","3323422079","26587376632","83","53388307","3588","1235014","115707061000"
"1148","2024-11-30","3","6","13","15","16","22","32","13","2073332308","26953320004","97","46311547","3082","1457567","113188640000"
"1149","2024-12-07","8","15","19","21","32","36","38","17","1613380765","27427473005","74","61773588","2924","1563354","112146718000"
"1150","2024-12-14","8","9","18","35","39","45","25","17","1570620309","26700545253","226","19690668","3413","1303865","114152034000"
"1151","2024-12-21","2","3","9","15","27","29","8","17","1620503030","27548551510","102","45013974","3351","1370166","116118444000"
"1152","2024-12-28","30","31","32","35","36","37","5","35","874349668","30602238380","79","64561685","3354","1520684","120703009000"
"1153","2025-01-04","1","9","10","13","35","44","5","15","2027312925","30409693875","79","64155473","3506","1445603","126343367000"
"1154","2025-01-11","4","8","22","26","32","38","27","15","1854965425","27824481375","62","74796993","3190","1453735","115268257000"
"1155","2025-01-18","10","16","19","27","37","38","13","7","4066375179","28464626253","78","60821851","3171","1496091","118482730000"
"1156","2025-01-25","30","31","34","39","41","45","7","21","1505207090","31609348890","73","72167464","3494","1507792","127643987000"
"1157","2025-02-01","5","7","12","20","25","26","28","12","2257842157","27094105884","141","32026130","4549","992677","123443439000"
"1158","2025-02-08","21","25","27","32","37","38","20","21","1394358197","29281522137","86","56747136","3032","1609583","119706159000"
"1159","2025-02-15","3","9","27","28","38","39","7","23","1284854250","29551647750","110","44775224","3742","1316215","124802304000"
"1160","2025-02-22","7","13","18","36","39","45","19","12","2509359875","30112318500","84","59746664","3176","1580202","123177536000"
"1161","2025-03-01","2","12","20","24","34","42","37","16","1792657969","28682527504","117","40858302","4107","1163970","123230590000"
"1162","2025-03-08","20","21","22","25","28","29","6","36","823931021","29661516756","78","63379310","4752","1040317","120578328000"
"1163","2025-03-15","2","13","15","16","33","43","4","15","1936891150","29053367250","75","64563039","3386","1430074","122246316000"
"1164","2025-03-22","17","18","23","25","38","39","22","13","2193092164","28510198132","76","62522365","3470","1369366","121102645000"
"1165","2025-03-29","6","7","27","29","38","45","17","13","2192485270","28502308510","91","52202031","3173","1497128","118112106000"
"1166","2025-04-05","14","23","25","27","29","42","16","14","2072319938","29012479132","80","60442665","2803","1725085","116717661000"
"1167","2025-04-12","8","23","31","35","39","40","24","10","2884087913","28840879130","69","69663960","2942","1633859","118762131000"
"1168","2025-04-19","9","21","24","30","33","37","29","13","2136635914","27776266882","74","62559160","3514","1317410","117811795000"
"1169","2025-04-26","5","12","24","26","39","42","20","10","2852735813","28527358130","112","42451426","3244","1465648","118803195000"
"1170","2025-05-03","3","13","28","34","38","42","25","20","1386550969","27731019380","103","44872200","5668","815427","116709995000"
"1171","2025-05-10","3","6","7","11","12","17","19","21","1128345286","23695251006","148","26683842","5317","742752","115285696000"
"1172","2025-05-17","7","9","24","40","42","44","45","13","2203004452","28639057876","98","48705881","3059","1560372","117565241000"
"1173","2025-05-24","1","5","18","20","30","35","3","24","1179946063","28318705512","94","50210471","3139","1503595","118782668000"
"1174","2025-05-31","8","11","14","17","36","39","22","15","1910619425","28659291375","85","56194689","3196","1494540","119020467000"
"1175","2025-06-07","3","4","6","8","32","42","31","20","1384026094","27680521880","92","50145873","3178","1451675","117488305000"
"1176","2025-06-14","7","9","11","21","30","35","29","13","2052166154","26678160002","89","49959102","3533","1258523","115765450000"
"1177","2025-06-21","3","7","15","16","19","43","21","6","4576672000","27460032000","75","61022294","3111","1471126","115411832000"
"1178","2025-06-28","5","6","11","27","43","44","17","12","2391608407","28699300884","89","53744010","3061","1562633","118774279000"
"1179","2025-07-05","3","16","18","24","40","44","21","13","2162821097","28116674261","63","74382737","2989","1567787","115024678000"
"1180","2025-07-12","6","12","18","37","40","41","3","11","2535566421","27891230631","72","64563034","3010","1544365","115377965000"
"1181","2025-07-19","8","10","14","20","33","41","28","17","1593643500","27091939500","86","52503759","3109","1452340","113802682000"
"1182","2025-07-26","1","13","21","25","28","31","22","13","2124785424","27622210512","79","58274706","3015","1526933","115431308000"
"1183","2025-08-02","4","15","17","23","27","36","31","13","2073966000","26961558000","92","48843403","3623","1240297","115605968000"
"1184","2025-08-09","14","16","23","25","31","37","42","15","1910655600","28659834000","95","50280411","3115","1533432","117748924000"
"1185","2025-08-16","6","17","22","28","29","32","38","12","2388695125","28664341500","79","60473295","2903","1645674","117480804000"
"1186","2025-08-23","2","8","13","16","23","28","35","14","1985676911","27799476754","89","52058946","3226","1436221","116690738000"
"1187","2025-08-30","5","13","26","29","37","40","42","11","2619380012","28813180132","79","60787300","3147","1525961","117650847000"
"1188","2025-09-06","3","4","12","19","22","27","9","24","1074625172","25791004128","111","38725232","3713","1157690","116617971000"
"1189","2025-09-13","9","19","29","35","37","38","31","13","2263651299","29427466887","167","29368730","3121","1571477","119484685000"
"1190","2025-09-20","7","9","19","23","26","45","33","6","4622793813","27736762878","113","40909680","3293","1403825","118368861000"
"1191","2025-09-27","1","4","11","12","20","41","2","18","1536334355","27654018390","132","34916690","3649","1263087","121272809000"
"1192","2025-10-04","10","16","23","36","39","40","11","29","1079546587","31306851023","95","54924300","3476","1501096","129050196000"
"1193","2025-10-11","6","9","16","19","24","28","17","16","1717013508","27472216128","84","54508366","3635","1259616","118676603000"
"1194","2025-10-18","3","13","15","24","33","37","2","28","985155349","27584349772","99","46438300","5442","844799","121085706000"
"1195","2025-10-25","3","15","27","33","34","36","37","10","2939186738","29391867380","86","56960984","3337","1467979","122918013000"
"1196","2025-11-01","8","12","15","29","40","45","14","15","2001627550","30024413250","94","53234776","2837","1763860","121645432000"
"1197","2025-11-08","1","5","7","26","28","43","30","13","2205089827","28666167751","74","64563441","3087","1547683","120244434000"
"1198","2025-11-15","26","30","33","38","39","41","21","10","2953686638","29536866380","78","63112963","3110","1582898","120207517000"
"1199","2025-11-22","16","24","25","30","31","32","7","17","1695609839","28825367263","75","64056372","3504","1371070","118624796000"
"1200","2025-11-29","1","2","4","16","20","32","45","12","2357299875","28287598500","80","58932497","3584","1315458","118339596000"
"1201","2025-12-06","7","9","24","27","35","36","37","19","1414555718","26876558642","84","53326506","3321","1348819","115389593000"
"1202","2025-12-13","5","12","21","33","37","40","7","14","1920410813","26885751382","109","41109712","3764","1190478","116954237000"
"1203","2025-12-20","3","6","18","29","35","39","24","21","1368060733","28729275393","118","40578073","3588","1334508","121655631000"
"1204","2025-12-27","8","16","28","30","31","44","27","18","1661007688","29898138384","95","52452875","3361","1482602","123758619000"
"1205","2026-01-03","1","4","16","23","31","41","2","10","3226386263","32263862630","97","55436191","3486","1542545","132670747000"
"1206","2026-01-10","1","3","17","26","27","42","23","15","1868807000","28032105000","74","63135372","3329","1403430","121012690000"
"1207","2026-01-17","10","22","24","27","38","45","11","17","1733202949","29464450133","86","57101648","3365","1459359","122934287000"
"1208","2026-01-24","6","27","30","36","38","42","25","6","5001713625","30010281750","68","73554613","2932","1705906","120408668000"
"1209","2026-01-31","2","17","20","35","37","39","24","22","1371910466","30182030252","73","68908745","3141","1601509","124040394000"
"1210","2026-02-07","1","7","9","17","27","38","31","24","1102298407","26455161768","153","28818259","4649","948418","123111058000"
"1211","2026-02-14","23","26","27","35","38","40","10","14","2370956036","33193384504","86","64328265","3332","1660334","134945802000"
"1212","2026-02-21","5","8","25","31","41","44","45","12","2654089032","31849068384","79","67192128","3482","1524463","131727929000"
"1213","2026-02-28","5","11","25","27","36","38","2","18","1740011646","31320209628","110","47454864","3724","1401728","131111079000"
"1214","2026-03-07","10","15","19","27","30","33","14","12","2431577188","29178926256","99","49122772","3618","1344156","124815860000"
"1215","2026-03-14","13","15","19","21","44","45","39","16","1998542133","31976674128","76","70124286","3120","1708156","126977101000"
"1216","2026-03-21","3","10","14","15","23","24","25","14","2148654000","30081156000","87","57626736","3181","1576085","125556526000"
"1217","2026-03-28","8","10","15","20","29","31","41","14","2179738018","30516332252","85","59835946","3344","1520950","125155256000"
"1218","2026-04-04","3","28","31","32","42","45","25","18","1714482042","30860676756","80","64293077","2889","1780356","123335928000"
"1219","2026-04-11","1","2","15","28","39","45","31","12","2508232844","30098794128","77","65148906","3079","1629252","120945801000"
"1220","2026-04-18","2","22","25","28","34","43","16","14","2114514161","29603198254","85","58045487","3192","1545698","121958822000"
"1221","2026-04-25","6","13","18","28","30","36","9","16","1830801165","29292818640","96","50855588","3465","1408986","122979623000"
"1222","2026-05-02","4","11","17","22","32","41","34","24","1202986844","28871684256","115","41843021","4081","1179110","124243558000"
"1223","2026-05-09","16","18","20","32","33","39","26","16","1857554133","29720866128","103","48092017","3481","1423005","122621163000"
"1224","2026-05-16","9","18","21","27","44","45","28","12","2414855250","28978263000","70","68995865","3373","1431874","121110408000"
"1225","2026-05-23","8","9","19","25","41","42","33","13","2228133087","28965730131","76","63521338","3333","1448432","120402887000"
"1226","2026-05-30","4","6","13","17","26","28","41","10","2815230113","28152301130","75","62560670","3557","1319104","120259943000"
"1227","2026-06-06","1","14","16","34","41","44","13","11","2674808455","29422893005","70","70054508","3042","1612037","118882558000"
"1228","2026-06-13","24","29","30","31","35","44","1","11","2698334421","29681678631","83","59601765","2836","1744340","119052273000"
"1229","2026-06-20","12","13","29","34","37","42","16","8","3519759000","28158072000","89","52730472","2925","1604449","116155532000"
"1230","2026-06-27","3","8","9","22","28","42","45","16","1771357196","28341715136","90","52484658","3336","1415953","120177677000"
"1231","2026-07-04","4","13","14","18","31","38","15","17","1652990074","28100831258","92","50907303","3329","1406871","118084580000"
"1232","2026-07-11","12","15","19","22","24","36","3","11","2533260819","27865869009","92","50481647","2984","1556405","114636304000"
"1233","2026-07-18","2","7","20","25","37","40","29","31","837965396","25976927276","76","56966946","4438","975550","116159776000"
